time,close,volume
2022-02-10 22:02:27.984,418.5615299753887,1669424428.261077
2022-02-10 23:02:18.274,419.3453395911091,1594040838.1466646
2022-02-11 00:03:30.207,415.5170960475197,1618182595.8288221
2022-02-11 01:00:36.869,411.69347435774125,1678363486.7298937
2022-02-11 02:00:35.720,413.3510605955287,1695144922.0081797
2022-02-11 06:00:24.346,412.1641758066456,1260950991.9448996
2022-02-11 07:05:31.308,415.60445215938284,1639369356.8665743
2022-02-11 08:09:31.741,418.25958481708244,1669939894.6934824
2022-02-11 09:13:01.782,414.5799337484049,1701761859.7950783
2022-02-11 10:02:19.593,417.48883195692844,1588174346.6740863
2022-02-11 11:01:04.608,417.2155526302042,1692967784.017173
2022-02-11 12:01:13.562,415.22884261390993,1459026100.2931752
2022-02-11 13:02:01.695,416.6523775207309,1629586616.645372
2022-02-11 14:01:57.324,417.37393392947655,1499500231.4665213
2022-02-11 15:00:57.383,416.8333050986145,1406242356.102624
2022-02-11 17:01:01.922,414.94648390130743,1290352353.074404
2022-02-11 18:00:29.298,413.71859075781833,1246859650.611715
2022-02-11 19:00:26.090,408.676383501234,1240848212.4900122
2022-02-11 20:00:18.045,406.11772306602904,1286215251.3068204
2022-02-11 21:01:56.787,400.12748282240625,1265458934.574957
2022-02-11 22:00:27.684,399.3321948396501,1262038309.2378867
2022-02-11 23:01:20.173,394.1113969483933,1333645498.716224
2022-02-12 00:01:28.955,400.9747011099451,1177766624.5480516
2022-02-12 01:01:22.108,399.7515447416365,1322654108.497427
2022-02-12 02:00:25.648,402.4323615319908,1312509098.4913757
2022-02-12 03:01:46.370,403.73826428508573,1194486947.1591258
2022-02-12 04:00:39.310,401.0388399445245,725011904.1997305
2022-02-12 05:01:56.089,400.72073391398584,1283113067.4262705
2022-02-12 06:00:55.168,399.7766656758779,1266351296.5616622
2022-02-12 07:00:23.401,397.05725837469254,1303356385.5849206
2022-02-12 08:02:00.840,398.3274586685398,1339312162.6709807
2022-02-12 09:01:53.767,401.0755504062118,1166449713.05972
2022-02-12 10:00:28.068,402.9354330202111,1221076940.3358765
2022-02-12 11:01:53.484,399.9442905701805,1310489308.4786267
2022-02-12 12:00:54.903,401.9793346800573,1335263978.747068
2022-02-12 13:02:19.530,400.5284553205167,1284550905.8833337
2022-02-12 14:01:13.330,399.844307847159,1302970169.2356765
2022-02-12 15:00:45.945,399.62705044052547,1290030581.1089358
2022-02-12 16:01:44.048,398.0452998471428,1145530949.0415905
2022-02-12 17:00:11.193,405.90456535399636,1308089114.2760391
2022-02-12 18:01:56.826,404.50497253483053,1313736948.7430837
2022-02-12 19:00:29.768,405.39559666778996,1255965295.8905458
2022-02-12 20:02:06.005,404.07803029177995,1191798831.1791115
2022-02-12 21:01:07.929,406.1404681668816,1065790343.4316859
2022-02-12 22:00:44.360,399.37842229573465,1104788855.2209375
2022-02-12 23:02:00.060,403.4937076897484,1139805252.2861521
2022-02-13 00:00:17.114,403.39577764667735,1063115282.9592524
2022-02-13 01:02:10.719,405.35566214291947,1078740237.0638907
2022-02-13 02:01:17.417,404.0444425813612,1042056319.7149221
2022-02-13 03:01:21.152,404.0619404103985,1049520112.9151586
2022-02-13 04:01:50.210,405.13939634693605,882125027.9186314
2022-02-13 05:00:56.617,403.3707470254083,917047340.079875
2022-02-13 06:01:47.516,403.6606943615525,935060570.236947
2022-02-13 07:01:29.438,404.41187217430263,1019863394.0949394
2022-02-13 08:01:35.211,404.0803109150753,957266279.3844575
2022-02-13 09:00:35.697,404.50649002494293,949035066.9033109
2022-02-13 10:02:05.587,402.8705124559311,949440362.722808
2022-02-13 11:01:44.941,404.1996442481191,962604049.254153
2022-02-13 12:00:41.941,404.04317121507376,902840832.5434728
2022-02-13 13:00:10.247,404.43384814084453,917317248.1041797
2022-02-13 14:01:15.553,405.92317027247555,891851920.3504632
2022-02-13 15:01:11.506,403.65270552269544,937722545.5502388
2022-02-13 16:01:30.395,404.8870607245128,933175416.1402385
2022-02-13 17:00:18.701,400.58965354958707,867567995.5288138
2022-02-13 18:00:09.153,399.60280664809227,193326750.49707666
2022-02-13 19:00:34.977,396.6551238252493,816917260.759031
2022-02-13 20:01:56.319,396.5621963716315,914383747.9516369
2022-02-13 21:00:43.394,399.8896134359225,924847528.2670164
2022-02-13 22:00:28.706,399.6397645464933,886290360.3431984
2022-02-13 23:00:12.762,400.46630526054366,838023096.670216
2022-02-14 00:02:07.162,399.29362973121937,902171066.4918171
2022-02-14 01:01:53.595,397.2819164960037,923008083.0433909
2022-02-14 02:01:43.732,392.81023027309334,904133287.4034561
2022-02-14 03:02:07.276,392.32964782396886,961149834.2517745
2022-02-14 04:01:22.408,394.1880237429585,941432515.8777895
2022-02-14 05:00:10.591,394.45084213806757,805505040.2504708
2022-02-14 06:00:37.168,392.85231653493366,923773300.5805275
2022-02-14 07:00:05.095,394.103481732747,955764845.6498877
2022-02-14 08:02:08.901,395.7464873613588,947932758.9801142
2022-02-14 09:02:22.686,394.72371053336093,872221488.2649205
2022-02-14 10:00:57.039,394.7510049306671,908180127.1758555
2022-02-14 11:00:09.121,395.18908543763405,945308080.081847
2022-02-14 12:01:26.301,397.40354125242504,972020747.5020592
2022-02-14 13:00:39.373,399.49706128832145,492672820.2582157
2022-02-14 14:00:57.477,401.60325329311286,898377770.3656653
2022-02-14 15:00:59.200,402.5874840052728,1045446751.5014833
2022-02-14 16:01:26.081,401.38931453221153,1003110945.841366
2022-02-14 17:01:19.667,403.40427167126245,1013834917.0430568
2022-02-14 18:00:50.228,402.4031892687706,974044178.6542635
2022-02-14 19:02:34.407,400.5064005260522,960606507.695856
2022-02-14 20:00:51.959,399.0196180727374,980356184.0174396
2022-02-14 21:00:32.366,399.6138786879717,866475606.3684047
2022-02-14 22:02:09.167,400.81552030755137,1002881014.1907235
2022-02-14 23:01:00.985,403.80434542016303,962050680.2349793
2022-02-15 00:01:42.093,403.57720920349806,494813179.0091319
2022-02-15 01:01:13.861,403.86169725968114,853418644.1266071
2022-02-15 02:01:25.921,412.841507147494,1035249331.5531143
2022-02-15 03:01:22.281,413.3411117036047,279146628.7245729
2022-02-15 04:01:57.711,413.09338055461603,908242018.4244094
2022-02-15 05:01:05.320,416.34893074886975,260972663.4930229
2022-02-15 06:00:14.597,424.3044500613669,1259837994.7198265
2022-02-15 07:02:50.512,423.5208646810554,1223618468.1118114
2022-02-15 08:05:31.808,426.86864805661975,1283410067.9406886
2022-02-15 09:02:19.051,430.2411838944115,1344185205.6983695
2022-02-15 10:01:22.130,427.0060870481288,1623680191.7140632
2022-02-15 11:01:57.595,429.96207339366873,1820585961.8252702
2022-02-15 12:01:14.865,429.3436622054838,1786459985.2717714
2022-02-15 13:00:47.751,428.23505670009627,1816223743.2703533
2022-02-15 14:00:34.922,430.03125519795657,1756997102.15774
2022-02-15 15:01:27.339,431.80127347008045,1857785287.208864
2022-02-15 16:02:01.035,432.81646122308655,1820644106.9954934
2022-02-15 17:01:42.059,430.42333864841385,1911231949.303143
2022-02-15 18:00:27.523,428.92940045873866,1804529833.425956
2022-02-15 19:00:52.244,432.00942710641584,1927329413.7903795
2022-02-15 20:01:46.913,430.3065502048695,2022681649.313979
2022-02-15 21:00:32.498,428.9272226111025,2003246772.800522
2022-02-15 22:02:00.595,427.50420650032,2014634849.1137648
2022-02-15 23:02:23.369,429.97885232752867,2034371161.8454702
2022-02-16 00:02:08.178,432.43322142729613,1422403650.2291915
2022-02-16 01:02:03.544,430.10776699272355,2060547555.4169047
2022-02-16 02:01:41.420,429.9552140206923,1706910100.6105614
2022-02-16 03:01:21.951,431.9800523645698,2079211101.3005006
2022-02-16 04:00:48.161,431.4596713959262,1626398135.9199429
2022-02-16 05:00:56.674,430.1626187789832,1999083977.4734416
2022-02-16 06:02:14.716,430.40321296894433,1954816848.388248
2022-02-16 07:02:10.946,430.93227640648576,1936812761.9928486
2022-02-16 08:01:19.933,431.02526744935614,1757266576.1136324
2022-02-16 09:01:31.422,431.94245327406543,1790092550.7868428
2022-02-16 10:01:00.512,431.5000355319245,1525124546.1043327
2022-02-16 11:01:22.302,429.9703400197867,1565664303.8230858
2022-02-16 12:00:40.559,430.9541280288314,1456438741.90608
2022-02-16 13:01:39.516,430.4604736695475,1407235729.354731
2022-02-16 14:00:44.496,424.86104385640505,1456759387.640462
2022-02-16 15:02:18.729,425.23519796548953,1446941667.3417878
2022-02-16 16:01:55.469,425.78521032142334,1391800559.767208
2022-02-16 17:02:02.928,426.1609214509238,1270339868.592598
2022-02-16 18:00:31.697,425.95554985697737,1292560497.8478653
2022-02-16 19:00:47.765,428.2193620780971,1324731250.6107006
2022-02-16 20:01:39.656,431.31616138393366,1345328695.754233
2022-02-16 21:01:05.339,430.65547786247737,1178848176.4888406
2022-02-16 22:01:58.436,428.23701464261416,1371849436.7626987
2022-02-16 23:00:52.580,428.9722861710826,1368461653.9886565
2022-02-17 00:01:52.082,428.8180875718536,1325457432.7809157
2022-02-17 01:06:34.091,429.81672626696957,1289008775.8969011
2022-02-17 02:01:24.552,428.99841931830764,1183875243.1985788
2022-02-17 03:02:00.913,428.6534159652457,1239589460.0873058
2022-02-17 04:01:46.931,426.1567804724941,1217425282.807918
2022-02-17 05:02:24.898,425.0295099362677,1206790216.5407124
2022-02-17 06:00:32.846,424.6816714520305,1210046172.24936
2022-02-17 07:02:20.046,426.21001390610166,1217716223.2309613
2022-02-17 08:01:02.292,427.86338858331646,1173567140.575052
2022-02-17 09:02:33.632,424.1149347131903,1274859978.2817392
2022-02-17 10:01:44.457,422.5490887886114,1270853009.2431192
2022-02-17 11:01:43.168,421.8728450568533,1253529923.2766082
2022-02-17 12:01:25.142,424.3789405724355,1246700424.1654623
2022-02-17 13:01:22.335,424.5405024444229,1242189533.1168761
2022-02-17 14:02:19.187,417.027672964626,1261927766.2569568
2022-02-17 15:03:28.430,413.3435476707593,1223881315.3575194
2022-02-17 16:00:56.313,413.88122651478164,1282885482.54316
2022-02-17 17:02:01.673,414.1014321480058,1283740483.3580182
2022-02-17 18:02:14.113,413.1381232679238,1279810845.1050267
2022-02-17 19:01:21.974,409.0600125276596,1236269322.6061454
2022-02-17 20:01:07.212,408.44099816238304,1275224129.9177916
2022-02-17 21:01:27.737,405.98475319401547,1273739727.7766213
2022-02-17 22:01:57.058,405.26563497428486,1333472016.8841975
2022-02-17 23:01:50.623,405.3984193946624,1356591511.8734033
2022-02-18 00:00:40.514,402.6685524727072,1129722977.6152854
2022-02-18 01:00:11.671,401.0154619113801,1218425309.5436733
2022-02-18 02:01:34.500,404.2174465803627,1279236613.9953763
2022-02-18 03:01:10.459,404.27482989972793,1327591604.784668
2022-02-18 04:02:07.367,405.2376533256318,1373113805.4984736
2022-02-18 05:00:44.051,404.4564505576464,1303968923.9688466
2022-02-18 06:01:52.158,405.45483553123825,1362903850.0908523
2022-02-18 07:00:37.830,407.7410283993826,1357651257.6709495
2022-02-18 08:00:42.972,407.47872293513143,1290873420.7521122
2022-02-18 09:06:24.326,410.1934556588338,1366699966.583877
2022-02-18 10:01:26.731,410.15693853623736,1346733931.515965
2022-02-18 11:01:43.979,410.0169069972237,1334364666.020609
2022-02-18 12:01:01.528,404.4622755479684,1305815306.0323856
2022-02-18 13:01:14.488,405.87922137692357,1363731554.6308472
2022-02-18 14:01:48.441,405.1747957351018,1316392758.0412667
2022-02-18 15:02:05.905,403.53135391482334,1304015411.911921
2022-02-18 16:02:02.925,395.83718425095253,1390247097.13188
2022-02-18 17:00:19.528,398.10077884178537,1261301481.5847692
2022-02-18 18:02:22.876,397.4691432357963,1279853881.3267057
2022-02-18 19:00:34.209,399.10915273007896,1343337928.4690287
2022-02-18 20:02:23.674,399.86547462795323,1316193027.8727996
2022-02-18 21:01:52.671,397.1628828196415,1286061185.3509812
2022-02-18 22:02:03.327,398.9329830320265,1229584882.4089818
2022-02-18 23:00:36.345,398.49243559784327,1227060899.1160731
2022-02-19 00:02:12.883,399.8835752484862,1252451543.7747831
2022-02-19 01:00:18.501,401.61449770382603,1219708170.7426724
2022-02-19 02:02:13.777,404.0508825031618,1205794656.320692
2022-02-19 03:01:58.626,403.38543530398243,1193979169.29083
2022-02-19 04:01:23.651,402.37459807017007,1069406482.5015886
2022-02-19 05:01:49.388,404.17800500505723,857087450.5713235
2022-02-19 06:01:02.185,403.57351624600653,1180720216.3782463
2022-02-19 07:00:15.633,406.24074622588773,1205671813.6644993
2022-02-19 08:02:36.707,405.27418696896825,1163841403.859033
2022-02-19 09:06:58.498,403.13252408447704,1166037519.6025927
2022-02-19 10:02:22.209,402.21636160724387,1035358142.1288656
2022-02-19 11:00:55.358,400.9062965475647,1089634305.867513
2022-02-19 12:01:53.313,399.2234305185379,79754801.1096982
2022-02-19 13:01:38.195,396.02706554990107,1112339018.1257482
2022-02-19 14:01:38.756,399.5561809341152,1149086110.921693
2022-02-19 15:02:15.640,398.4147600958284,1015687878.9874713
2022-02-19 16:01:43.184,400.211971334854,1013833383.2484995
2022-02-19 17:02:31.002,399.5134152783094,589080690.352382
2022-02-19 18:02:23.281,400.6182344918912,1004788495.1893055
2022-02-19 19:00:23.833,401.0594096944448,905719092.4128977
2022-02-19 20:02:04.912,397.0598064824978,978035552.2275169
2022-02-19 21:02:13.209,398.47105877411934,1005586072.6851563
2022-02-19 22:01:04.166,398.16585245501375,783714559.3654228
2022-02-19 23:01:43.738,399.71932454958164,965019271.0698142
2022-02-20 00:00:31.999,400.6940738297616,938066424.2155038
2022-02-20 01:00:51.712,396.8435389728329,919354061.9968201
2022-02-20 02:00:44.558,397.48146161589557,603124847.8877491
2022-02-20 03:00:38.527,395.2263145426445,448153947.39607507
2022-02-20 04:01:28.413,389.94274784900256,1008490628.2119467
2022-02-20 05:00:05.868,387.5129214024548,925879191.8985547
2022-02-20 06:01:51.395,384.12778612195604,930039638.5054902
2022-02-20 07:00:39.366,380.73757969629054,556153225.5637854
2022-02-20 08:01:09.261,381.9041459654341,1122855077.3768513
2022-02-20 09:01:34.992,377.67283642800163,1118908730.966608
2022-02-20 10:00:17.725,379.36514830433964,1162702536.94652
2022-02-20 11:00:37.118,380.5444000181383,1189236948.5431938
2022-02-20 12:01:28.510,381.8483081692315,1172674292.4226906
2022-02-20 13:02:17.698,380.50408715921634,1122270384.6655097
2022-02-20 14:01:22.724,380.0029993354424,1121633915.4159608
2022-02-20 15:00:50.047,377.74758789815456,1130288167.7703307
2022-02-20 16:00:55.767,380.41059510519716,854336117.4988555
2022-02-20 17:00:51.325,381.228205727001,957416722.1499991
2022-02-20 18:00:55.653,382.508070947837,845496502.8204299
2022-02-20 19:00:31.975,384.63293062960565,1137394116.7146354
2022-02-20 20:02:22.064,382.52286527486024,1104901289.9242904
2022-02-20 21:00:44.656,381.47109263392855,1089972460.1635091
2022-02-20 22:01:38.558,379.717368245501,1105338078.102703
2022-02-20 23:01:55.356,384.0601907147391,1174669751.5043244
2022-02-21 00:00:06.495,381.5753630415743,1148015812.1110637
2022-02-21 01:02:01.609,384.67264740417454,1183004294.2930524
2022-02-21 02:01:43.477,392.10113871373744,1221331116.3345997
2022-02-21 03:02:29.895,391.17526274248206,1235195459.9917767
2022-02-21 04:00:37.276,388.52513499866996,1139052695.5749788
2022-02-21 05:00:56.152,392.547929025058,1187671877.1442153
2022-02-21 06:00:46.634,391.48357315985,1120830229.6525638
2022-02-21 07:00:45.881,392.01262464495824,585314792.7888616
2022-02-21 08:01:52.469,393.5094560138681,1135117715.5331419
2022-02-21 08:09:48.137,393.3667224820134,1124659979.9991086
2022-02-21 09:01:57.176,389.4281621449337,1118792402.9827964
2022-02-21 10:00:23.078,386.7777809336915,539399721.059516
2022-02-21 11:00:31.473,379.61631027130795,846172319.0887076
2022-02-21 12:02:16.936,370.5258881300386,1254128063.2212048
2022-02-21 13:02:17.639,369.1312859699426,1323619469.8962073
2022-02-21 14:00:34.312,368.0162444688927,349090110.93495977
2022-02-21 15:01:39.446,379.6215908025597,1400586539.9525068
2022-02-21 16:02:09.750,379.4106847146415,1506135561.3855658
2022-02-21 17:01:55.614,378.5130528702236,1511001271.5424733
2022-02-21 18:00:55.739,376.880005950248,1239172213.842163
2022-02-21 19:01:02.700,370.7313520193158,1562870814.1653476
2022-02-21 20:02:04.507,372.1591645191319,1649977132.8606305
2022-02-21 21:01:59.424,371.2514827693804,1655438993.1595027
2022-02-21 22:02:07.386,366.21119035586776,1639005591.841822
2022-02-21 23:01:13.536,365.6544603259604,1712311464.7315085
2022-02-22 00:01:30.587,356.95637673151066,1618738858.8180537
2022-02-22 01:00:48.961,360.50706193042987,1770110220.9407465
2022-02-22 02:02:18.173,360.077456308178,1721481803.4025915
2022-02-22 03:02:24.186,357.34538612391515,1764275941.6221282
2022-02-22 04:01:37.714,352.04271005579704,1539269461.0849679
2022-02-22 05:02:46.947,354.92308144817105,1864004566.5159643
2022-02-22 06:01:58.906,356.6379695552091,1883612836.2943492
2022-02-22 07:01:18.075,356.78831667574485,1920402445.2965457
2022-02-22 08:02:01.340,357.94551140318424,1927399631.9550304
2022-02-22 09:04:51.745,360.2965496440777,1952155525.619634
2022-02-22 10:00:22.055,361.6975358036494,1990530406.844456
2022-02-22 11:02:14.939,366.7177235992914,1973382085.4404953
2022-02-22 12:02:58.671,365.4702591176573,1903312481.6078076
2022-02-22 13:01:26.756,365.47665569674643,1806217960.295773
2022-02-22 14:01:49.038,367.40157449152986,1822629315.798341
2022-02-22 15:01:30.164,369.06951262296667,1797445860.1515002
2022-02-22 16:00:38.566,367.3718272443421,1600532536.875544
2022-02-22 17:01:21.406,365.13984992234987,1715971852.6173723
2022-02-22 18:00:44.369,365.291168207542,1716415495.8908074
2022-02-22 19:02:35.797,366.5036326697026,1608411218.0593026
2022-02-22 20:01:02.143,372.63805208579754,1707521405.7293296
2022-02-22 21:00:45.051,368.43931906340714,1700035330.5739648
2022-02-22 22:01:35.498,371.69875296987806,1693927577.7250028
2022-02-22 23:01:46.917,370.9726705077152,1685965273.792004
2022-02-23 00:00:13.070,374.4295685151946,1611578892.7079134
2022-02-23 01:02:06.239,374.15170258733315,1591649722.4433453
2022-02-23 02:02:16.348,373.037391269942,1491136987.119064
2022-02-23 03:01:05.287,373.76643472687306,1206576326.891666
2022-02-23 04:02:32.451,372.9904309330163,755883076.9109617
2022-02-23 05:02:20.377,375.29540043107403,1501186818.291882
2022-02-23 06:01:08.471,375.8740398106286,1485852979.5474215
2022-02-23 07:02:45.664,376.33641652806136,1425054077.7284834
2022-02-23 08:02:08.613,377.9000428393654,1408445815.600332
2022-02-23 09:02:27.040,379.518096776477,1466608398.9368255
2022-02-23 10:02:16.530,381.77367909546234,1465638323.1904042
2022-02-23 11:00:46.151,380.6431106355318,1428440706.9071825
2022-02-23 12:02:42.231,380.6401909079007,1333720613.3063962
2022-02-23 13:06:30.281,383.28115440845613,1128873331.0352416
2022-02-23 14:00:31.684,382.019416643582,1407191181.7955925
2022-02-23 15:02:15.237,379.85595204156357,1374620058.0781686
2022-02-23 16:00:53.437,378.9470005700016,1358628597.959373
2022-02-23 17:01:35.109,381.1486844944622,1368646092.0266457
2022-02-23 18:02:00.861,377.79233581058475,1429513360.367855
2022-02-23 19:01:31.020,374.2804195087788,1402575694.2136207
2022-02-23 20:02:46.647,371.7234948833691,1363027171.055574
2022-02-23 21:00:57.340,371.49691023649854,1314944429.5873547
2022-02-23 22:02:04.400,369.36669627725126,1241763410.8601482
2022-02-23 23:01:53.947,371.190265620721,1036692568.668764
2022-02-24 00:02:46.217,367.5251688253597,1287048726.698975
2022-02-24 01:01:25.570,363.4766194302844,1009144036.9496981
2022-02-24 02:01:05.368,365.89016370482216,1348141133.6268206
2022-02-24 03:00:04.229,363.6830929276961,1109220836.9466302
2022-02-24 04:01:15.229,343.84526225835094,956873679.4154388
2022-02-24 05:01:30.219,341.20921695285836,1594565881.3672118
2022-02-24 06:02:51.219,334.19887976830773,1583121674.183614
2022-02-24 07:01:44.474,331.61432086242803,1706964046.4625003
2022-02-24 08:02:56.742,333.2145415623519,1765762343.645622
2022-02-24 09:02:09.024,338.16940188357455,1891430305.6791148
2022-02-24 10:00:49.994,336.763520708156,1930005453.0091093
2022-02-24 11:00:28.590,334.1289359282433,1937718821.5531523
2022-02-24 12:02:20.524,336.486847800273,1964653184.8316593
2022-02-24 13:00:49.798,333.79273558561255,1979149924.0622408
2022-02-24 14:02:08.589,337.9315505185773,2071358969.6889644
2022-02-24 15:03:10.887,340.8174217148176,2117519066.3822455
2022-02-24 16:01:08.515,344.69161636116246,2140665395.2490475
2022-02-24 17:01:03.772,345.7887879522386,2206590776.1809115
2022-02-24 18:02:03.100,344.1102472549156,2056079051.5746145
2022-02-24 19:01:38.765,351.3708211677433,2208258386.927279
2022-02-24 20:02:29.606,357.1386010649068,1896388091.640222
2022-02-24 21:01:24.551,364.82714420244673,1911187125.2240856
2022-02-24 22:01:57.532,362.51923864467324,2415208475.1446185
2022-02-24 23:02:32.707,354.9888949466377,2362057533.170332
2022-02-25 00:00:18.792,361.3380734966986,2319428614.462771
2022-02-25 01:01:13.918,361.2870539562763,2414754905.446056
2022-02-25 02:02:28.020,365.23071008294926,2455284428.3976393
2022-02-25 03:00:47.021,365.9850890651207,2410025863.8399816
2022-02-25 04:01:33.896,365.2896393747006,2144296733.7933285
2022-02-25 05:01:33.133,363.67947159590506,2032333151.3597243
2022-02-25 06:02:03.222,361.0431461142356,2054600135.6673083
2022-02-25 07:01:43.304,362.5725869870289,1964545034.6301649
2022-02-25 08:01:01.975,363.9544366053296,1906380158.004145
2022-02-25 09:00:53.224,361.9294303895841,1738371730.7085886
2022-02-25 10:02:10.536,360.6851869538938,1799572344.4891207
2022-02-25 11:02:27.443,360.57662348032994,1713938230.5948482
2022-02-25 12:00:03.051,362.4095973582456,1722715827.1122518
2022-02-25 13:02:25.139,367.45992210234255,1760898143.83432
2022-02-25 14:01:02.118,370.783675950122,1706372908.5415514
2022-02-25 15:02:16.114,368.3988753773837,912426812.7744191
2022-02-25 16:00:36.394,368.8949151297809,1481686576.3419516
2022-02-25 17:01:03.406,369.2466204105384,1496105573.4396899
2022-02-25 18:01:05.106,367.7852228413574,1627294420.7031295
2022-02-25 19:01:16.119,365.1042119510672,1605709493.8807344
2022-02-25 20:01:04.584,365.65675071092505,1435837621.8825762
2022-02-25 21:02:44.863,369.10811278099413,1493228623.4870713
2022-02-25 22:00:28.346,369.47224118227393,1408801214.2793484
2022-02-25 23:00:30.288,373.82429712422146,1452815630.8459878
2022-02-26 00:00:28.430,375.03608137178696,1248836310.7448277
2022-02-26 01:01:08.429,381.5717543747324,1540568510.399306
2022-02-26 02:01:09.719,382.1905143980024,1372458403.9934995
2022-02-26 03:02:06.683,381.2810558287458,1529207238.3582897
2022-02-26 04:00:36.279,380.4164728037379,1434144452.5611298
2022-02-26 05:00:21.727,380.2578751980335,757604019.0714434
2022-02-26 06:02:07.513,376.87545967226805,1353634026.973703
2022-02-26 07:02:07.718,376.2192704073023,1419201964.6485243
2022-02-26 08:02:29.036,376.40933983585876,1374159444.1997619
2022-02-26 09:01:38.741,374.71743839692135,1329717206.9389546
2022-02-26 10:03:22.989,373.9978990894405,1263831342.485207
2022-02-26 11:02:03.888,375.73949831616625,1320063378.2003877
2022-02-26 12:01:29.839,374.84311567551873,1315560156.1024625
2022-02-26 13:02:47.660,374.2014587401292,1346112580.5368252
2022-02-26 14:01:53.333,374.7651005706205,1280897483.562964
2022-02-26 15:01:47.625,375.6462481984568,1128530571.6449609
2022-02-26 16:01:34.111,376.94444062893683,162154817.0329716
2022-02-26 17:03:01.750,374.731372267523,1001937104.7467458
2022-02-26 18:02:31.636,376.1410376966455,1130505294.5845618
2022-02-26 19:03:13.663,374.11448467768315,1116967107.4061182
2022-02-26 20:00:38.852,375.33931161355946,913643532.4292865
2022-02-26 21:02:06.607,376.76285753119714,1109659217.3037603
2022-02-26 22:00:44.065,376.5429217777092,1085673470.6397314
2022-02-26 23:01:11.155,374.33478582632955,994992890.6323897
2022-02-27 00:02:12.711,373.7079661445891,1034746780.5093408
2022-02-27 01:00:30.059,369.5200477587399,978750424.3098114
2022-02-27 02:02:37.760,366.28170637051335,862850409.9495442
2022-02-27 03:00:07.701,367.3324594942864,792336761.0777363
2022-02-27 04:00:06.451,367.19866089802997,1027939737.2096938
2022-02-27 05:00:25.670,366.0379132862068,1038681280.4274454
2022-02-27 06:01:43.507,367.9966843822644,978953002.280215
2022-02-27 07:01:28.304,371.87328664814976,802343574.033248
2022-02-27 08:00:35.874,372.38160229900774,961550902.9945738
2022-02-27 09:02:14.177,373.08519567722277,1048583444.8768246
2022-02-27 10:00:35.458,375.33042384564976,739636222.5011848
2022-02-27 11:00:50.835,378.7535755350497,1063246305.2799962
2022-02-27 12:02:03.567,379.51618082808073,1063931666.2953042
2022-02-27 13:01:24.296,381.18291303689637,1069625695.6941981
2022-02-27 14:02:22.881,374.26678030262315,1033667785.0999558
2022-02-27 15:01:06.094,371.9462218721315,1086049983.8329735
2022-02-27 16:05:30.719,375.59182880094335,1151197337.058149
2022-02-27 17:01:47.328,372.63307045307783,1106183970.348428
2022-02-27 18:00:57.870,372.17389299730775,1092872485.3784518
2022-02-27 19:01:42.056,370.40992182095846,943449590.4250389
2022-02-27 20:00:51.527,363.48796245195376,1139146788.0853307
2022-02-27 21:01:40.781,365.8806521081869,1256905385.0925643
2022-02-27 22:01:39.084,363.551781967327,1230593793.7154307
2022-02-27 23:00:52.206,363.39514080492955,1205862379.1902416
2022-02-28 00:01:50.571,361.01379570482965,1151160607.3384693
2022-02-28 01:00:18.434,357.2247962028511,1222220561.2240877
2022-02-28 02:01:08.777,363.1152660147177,1190175812.9760096
2022-02-28 03:01:25.997,360.07497573334376,1059891514.4611219
2022-02-28 04:02:06.997,363.8031876220823,1251579458.0598514
2022-02-28 05:02:02.319,362.6793241746035,1126061758.7109075
2022-02-28 06:01:46.502,362.40484019317853,1220735867.0594656
2022-02-28 06:05:25.282,362.47911060031976,1192161691.537841
2022-02-28 07:00:36.523,363.16490540071106,1261279777.30793
2022-02-28 08:01:20.351,365.9867513698274,863511491.7994304
2022-02-28 09:00:07.039,366.524303092583,1223774930.2224758
2022-02-28 10:02:29.783,367.83504703744075,1003600037.9672387
2022-02-28 11:00:14.029,368.10923433980724,1254695532.6406753
2022-02-28 12:00:22.926,367.704421267083,1234031474.3371532
2022-02-28 13:02:47.288,368.3058894734951,1227471014.4293637
2022-02-28 14:01:40.333,364.59421823388345,192926969.45871115
2022-02-28 15:02:19.187,377.04203898536235,1290500204.6727345
2022-02-28 16:01:50.744,382.19447477750043,1107486937.2610936
2022-02-28 17:01:01.605,383.10631595223714,1447296263.924225
2022-02-28 18:00:28.974,382.675355081504,1433737432.4623477
2022-02-28 19:01:50.851,383.6872332623003,1420103930.9140744
2022-02-28 20:01:19.941,384.6761327701339,1419990090.4142804
2022-02-28 21:01:08.552,386.41887164636483,1393484258.7417305
2022-02-28 22:02:13.593,386.8737297306216,1205806859.6275876
2022-02-28 23:01:55.848,394.5937788360328,1486067171.9071624
2022-03-01 00:00:57.576,395.81210282228517,1540189377.8998697
2022-03-01 01:00:31.203,398.90497648147516,1556002329.792086
2022-03-01 02:00:48.440,397.1096801232153,1530317868.195185
2022-03-01 03:01:16.221,393.7617057123277,1495748262.3702273
2022-03-01 04:00:45.370,393.1720464670372,1444002630.4797764
2022-03-01 05:01:49.322,395.46821558674344,1564324938.7607872
2022-03-01 06:02:12.105,395.73033219895126,972278026.1312369
2022-03-01 07:02:01.721,404.5748509567239,1470028108.843304
2022-03-01 08:01:33.551,412.67788034135407,1842506196.653008
2022-03-01 09:01:57.658,416.9124119125372,1731709787.7503347
2022-03-01 10:01:31.147,406.586780915314,2137797498.2928364
2022-03-01 11:02:14.860,408.72481017923735,2269074386.288222
2022-03-01 12:00:10.393,404.98257351379243,2000351240.7494745
2022-03-01 13:00:41.603,409.51089595351164,2148595182.960856
2022-03-01 14:02:03.762,412.0745736709726,2498088625.605686
2022-03-01 15:02:43.259,405.61886633245325,2462244129.163306
2022-03-01 16:02:46.627,404.3873476238756,2422368338.662116
2022-03-01 17:00:55.018,402.8872620972851,2374320948.8858767
2022-03-01 18:02:39.218,403.1711748488806,2578806322.654916
2022-03-01 19:02:52.776,408.09494027717153,2483624029.1011457
2022-03-01 20:01:47.596,407.2284715457088,2580559799.7716985
2022-03-01 21:00:49.070,408.3447338128502,2539291916.2180457
2022-03-01 22:02:20.321,405.4311921408065,1830526132.1914122
2022-03-01 23:00:42.988,408.1547587185822,2480181538.551396
2022-03-02 00:01:29.036,409.35284973272474,2509007292.682648
2022-03-02 01:00:33.485,407.71387842645356,2369241066.2340326
2022-03-02 02:02:00.737,408.52977437398135,1656600903.8809059
2022-03-02 03:03:15.301,411.18513200718434,2438183044.7248826
2022-03-02 04:03:49.111,412.7917474425051,2476362265.396115
2022-03-02 05:01:07.706,413.2082640554376,2536196686.19222
2022-03-02 06:00:37.746,412.3832127289706,2539647373.5263114
2022-03-02 07:02:06.627,410.86975700497186,1364875813.132806
2022-03-02 08:02:08.721,410.1015378047719,2381315442.0658827
2022-03-02 09:09:27.309,412.18959622499415,2343669696.2393975
2022-03-02 10:04:36.315,412.19468924111936,1912359839.8544674
2022-03-02 11:00:31.046,413.39586228314965,2007535398.2432127
2022-03-02 12:01:35.317,413.0162870881273,1990216387.62121
2022-03-02 12:04:24.286,413.0162870881273,1990216387.62121
2022-03-02 13:01:31.162,411.96528889915635,1948576144.4015288
2022-03-02 14:02:13.114,405.48932715340146,1852365159.0095763
2022-03-02 15:01:50.808,412.39770764822526,1600471979.9120517
2022-03-02 16:01:08.438,409.2917172085542,1901006494.6539192
2022-03-02 17:01:39.637,410.5951933870429,1771659408.8643813
2022-03-02 18:00:51.458,408.43692794913824,1847993692.4856522
2022-03-02 19:01:05.704,406.8199045460965,1268968322.4597108
2022-03-02 20:01:13.820,407.07346175395315,1151081024.8754416
2022-03-02 21:01:07.561,408.4026651614874,1706122597.9433603
2022-03-02 22:00:28.323,409.44571463842914,1738447907.3882248
2022-03-02 23:02:13.762,409.97996298422845,1739154058.5714865
2022-03-03 00:01:36.220,409.2816691541611,1535399359.5437255
2022-03-03 01:00:51.855,410.3723587040429,1627035705.0505326
2022-03-03 02:02:06.500,408.3089614325543,1481571223.0841773
2022-03-03 03:01:42.817,408.22762319447946,1617722885.7640002
2022-03-03 04:02:20.454,404.2552391941392,1067224063.8856896
2022-03-03 05:05:03.037,405.684142175687,1557397547.243315
2022-03-03 06:00:51.870,406.9332627964984,1518818502.353025
2022-03-03 07:02:13.612,407.2374632343489,1509101409.0425823
2022-03-03 08:02:50.007,407.11897140804433,1522766026.0683043
2022-03-03 09:05:49.192,407.50163328931876,1333483227.6910715
2022-03-03 10:03:24.962,405.66672824385125,1437645198.0179274
2022-03-03 11:02:10.038,407.6437251101484,1432148086.4607356
2022-03-03 12:03:01.870,407.822054445653,1359485464.3685558
2022-03-03 13:02:32.664,410.8401950724595,1371324836.2560024
2022-03-03 14:00:48.508,412.4245952857863,1370079934.1747124
2022-03-03 15:00:42.506,408.48079830940867,1351204426.909888
2022-03-03 16:01:32.920,401.87772359587467,1242729355.5521564
2022-03-03 17:00:11.566,402.31771872550735,1390559958.9623597
2022-03-03 18:02:32.363,402.1325500948965,1227519393.0160174
2022-03-03 19:01:31.614,401.23218660400624,1357730490.168893
2022-03-03 20:02:29.242,401.595193011105,1375340125.799229
2022-03-03 21:02:13.669,399.25987079093915,1383144557.5276022
2022-03-03 22:00:38.535,400.1073991942768,1404572884.4160068
2022-03-03 23:01:44.921,402.6523202862859,1385887202.2941914
2022-03-04 00:02:26.469,402.7077614812965,1425053727.8220205
2022-03-04 01:01:08.254,395.98419457750634,1426094706.2246609
2022-03-04 02:01:49.886,391.3243461052739,1426864533.91735
2022-03-04 03:01:01.342,393.3569247959242,1491634444.946064
2022-03-04 04:02:39.323,394.1211016368672,1484265133.7544155
2022-03-04 05:02:08.947,395.2123492092842,1488089325.7725577
2022-03-04 06:02:35.044,393.8298035460313,1474612669.322147
2022-03-04 07:01:35.349,394.64716757388294,1391284405.7644687
2022-03-04 08:03:12.806,394.7006690204804,1457409882.4789367
2022-03-04 09:05:29.535,395.7629346986737,1441376653.2542763
2022-03-04 10:01:47.889,396.3874938948223,1441349326.8236094
2022-03-04 11:02:04.174,397.7998370740975,1335622179.5283794
2022-03-04 12:01:40.051,397.84991549124675,1527678481.911567
2022-03-04 13:02:01.828,395.5932542496148,1333845731.5885234
2022-03-04 14:02:05.311,395.2674262526813,1525829268.6553574
2022-03-04 15:01:54.182,390.5671413043408,1206832545.333507
2022-03-04 16:00:43.515,388.3884072481442,1364715602.6047778
2022-03-04 17:02:49.894,388.738737866115,1208120026.5495374
2022-03-04 18:00:12.054,389.870911392864,1406538433.7646616
2022-03-04 19:02:47.190,388.45316872139097,1405789022.5379896
2022-03-04 20:01:46.925,380.98890395183565,1406126179.7066808
2022-03-04 21:02:30.919,380.0360831495879,1481996589.7829998
2022-03-04 22:02:41.430,379.26495918512,1493425662.3466282
2022-03-04 23:01:58.444,374.99194745550136,1192565427.4434319
2022-03-05 00:01:14.378,374.66128162647084,1287442590.9175994
2022-03-05 01:01:48.944,369.4473864411232,1512187966.3660736
2022-03-05 02:02:01.051,370.5869358391166,1514010833.780283
2022-03-05 03:03:19.320,372.8337902922915,1395258491.9367938
2022-03-05 04:03:13.383,374.08286602075833,1476169013.3798068
2022-03-05 05:01:30.655,373.1732009092727,318060445.89556265
2022-03-05 06:02:26.658,373.19490374859714,1289524433.1672175
2022-03-05 07:02:52.860,375.05565727364234,1500441131.3255157
2022-03-05 08:01:22.552,377.58727573984316,1543157029.8028715
2022-03-05 09:03:35.072,379.5205698631224,1544051203.0601647
2022-03-05 10:01:15.467,379.64815083809845,1482055125.641282
2022-03-05 11:01:56.862,379.64221278002935,1533558655.9821339
2022-03-05 12:01:59.717,380.85525214405897,1339905389.150571
2022-03-05 13:01:42.659,381.0426513424829,1344739273.546222
2022-03-05 14:00:22.271,379.397958327801,1463887931.1044266
2022-03-05 15:02:59.578,380.3448796259439,1408027892.7910314
2022-03-05 16:02:33.660,380.38274792112685,1367324098.2693655
2022-03-05 17:00:57.546,382.0915493361127,698243495.678308
2022-03-05 18:02:55.362,381.70641043347405,1379137990.2707365
2022-03-05 19:03:02.218,381.44975529221045,1403028446.236173
2022-03-05 20:03:22.321,383.30845888195194,908275539.8967311
2022-03-05 21:02:26.628,385.70496966011007,1252206135.031574
2022-03-05 22:00:09.825,385.151348119465,1236752802.7948637
2022-03-05 23:01:25.099,385.1238044565317,1216498952.5474262
2022-03-06 00:00:32.111,385.44055544847913,1178995370.37429
2022-03-06 01:01:00.211,386.7953207231162,1100857856.8813293
2022-03-06 02:01:26.706,385.3745847350579,1088577708.6239786
2022-03-06 03:00:28.417,385.847738774606,1135754288.6827855
2022-03-06 04:02:42.181,383.5766174692351,1055567745.981191
2022-03-06 05:00:22.677,384.2724893106438,1061129088.0403525
2022-03-06 06:00:38.187,384.0701320823289,1128654659.4189765
2022-03-06 07:00:55.891,384.3578452496085,1086949693.9635558
2022-03-06 08:03:00.528,383.05265478655565,1098693545.0954182
2022-03-06 09:09:46.902,381.4502365560749,1034844934.1653442
2022-03-06 10:00:54.659,378.4675128543832,1083781448.5074012
2022-03-06 11:02:26.431,375.0448363861669,1124105157.6668608
2022-03-06 12:00:25.149,375.64469497535424,1156411083.0313153
2022-03-06 13:02:03.147,376.91104571951655,1170430567.0560806
2022-03-06 14:01:25.269,379.7633043787511,1132484202.7458315
2022-03-06 15:02:39.991,379.00063137045214,1179603227.8690848
2022-03-06 16:01:35.133,379.7893334043436,397976326.1266253
2022-03-06 17:01:14.883,383.86317090640216,1145223659.8746748
2022-03-06 18:02:05.833,382.91417442864883,1010531766.4179088
2022-03-06 19:00:13.594,381.54605881725803,1126255069.613635
2022-03-06 20:01:33.197,378.5533264617185,1177238690.3696134
2022-03-06 21:00:43.791,379.3493152858908,1116810503.3526185
2022-03-06 22:01:13.075,380.73195749396353,1049948345.9168407
2022-03-06 23:01:02.451,381.2881818786178,1158924496.9220557
2022-03-07 00:01:47.281,375.2821061110737,1181871869.7686915
2022-03-07 01:01:51.730,372.29756885768336,1233421097.1720989
2022-03-07 02:00:36.494,373.6292862905118,1290473055.0206428
2022-03-07 03:02:01.585,366.70624781282964,1303773880.8558843
2022-03-07 04:01:11.292,368.7047121972664,1295946293.7233276
2022-03-07 05:00:57.581,369.34341528433606,1297220272.0376163
2022-03-07 06:00:08.880,372.76663648160917,1230570178.661141
2022-03-07 07:01:13.319,373.46338302348124,1263513146.4794416
2022-03-07 08:00:39.467,371.4237142296084,1267981592.9138696
2022-03-07 09:01:10.509,373.3360566349333,1305587708.8625596
2022-03-07 10:01:51.895,375.10499171120557,1334704521.4751306
2022-03-07 11:01:48.811,373.91410279030265,1225425351.154536
2022-03-07 12:02:35.831,375.7000103558204,1294538138.1567025
2022-03-07 13:00:39.796,377.97476066292745,1325441366.7780035
2022-03-07 14:01:48.918,381.8673190874238,1300968666.362062
2022-03-07 15:02:31.233,381.7354261902428,1419942428.1775522
2022-03-07 16:02:18.697,381.7632935292951,1403932126.9679575
2022-03-07 17:02:23.203,377.9745469175838,1421232938.7209299
2022-03-07 18:01:31.823,377.9538204996938,1338749524.5008302
2022-03-07 19:01:06.560,372.6220733392531,1415210436.588839
2022-03-07 20:03:50.909,365.2183631583075,1498728772.197453
2022-03-07 21:00:22.618,375.15437643624,1003188179.6184623
2022-03-07 22:00:11.155,382.596465894758,1892993435.341212
2022-03-07 23:01:43.068,381.3591623407841,1766960361.5625267
2022-03-08 00:01:43.486,381.519857500964,1813986132.7580984
2022-03-08 01:01:54.063,383.1722372672102,1781290653.4086726
2022-03-08 02:01:15.294,381.96892852151433,1777222088.8668187
2022-03-08 03:03:06.268,383.6247513579169,1842852871.6621273
2022-03-08 04:00:53.915,382.49744729530204,1727466096.5108757
2022-03-08 05:00:45.244,382.0228346243137,1807332269.2499645
2022-03-08 06:02:42.735,380.5797575192022,1787883267.5560825
2022-03-08 07:00:55.787,379.27171085178094,1817382129.575118
2022-03-08 08:01:08.284,381.590598520307,1682110715.873507
2022-03-08 09:01:14.803,384.08475489829345,1905553445.751568
2022-03-08 10:00:14.253,385.97874982421274,1822815195.448633
2022-03-08 11:01:44.055,386.21182640753545,1495766068.439882
2022-03-08 12:01:45.357,386.1704239851823,1719476813.6412323
2022-03-08 13:02:17.606,384.7261213275905,1629093481.6757767
2022-03-08 14:00:24.931,384.99960959200536,1773705154.53947
2022-03-08 15:01:30.395,384.1157498655358,1864454865.2403932
2022-03-08 16:01:39.397,381.6085632857651,1690342647.817506
2022-03-08 17:01:24.153,380.87702148194006,1837061066.4018512
2022-03-08 18:01:48.908,384.70878014967303,1856291238.4428332
2022-03-08 19:00:35.913,384.5620833191382,1790480233.9845717
2022-03-08 20:02:45.479,384.35249019720175,1745147221.4412568
2022-03-08 21:03:03.041,381.8937901009615,1686544620.1467006
2022-03-08 22:01:47.712,380.37478160345114,1619506786.6317587
2022-03-08 23:00:37.636,380.7400204015469,1406638879.7127917
2022-03-09 00:01:31.827,381.74362262533583,1436515784.4588244
2022-03-09 01:00:12.717,383.33183191807416,1478225717.7849166
2022-03-09 02:02:10.331,385.4880777363185,1392655906.451325
2022-03-09 03:01:44.377,389.2206126155556,1559017562.30207
2022-03-09 04:01:25.152,399.0405720138726,1724812377.2395003
2022-03-09 05:02:48.039,398.68417095165273,1790735976.0046227
2022-03-09 06:02:28.842,395.623290954713,1739831205.0810173
2022-03-09 07:03:11.358,395.3992397781956,1837572117.631133
2022-03-09 08:01:49.693,396.9220977622202,1598592746.858038
2022-03-09 09:01:41.428,397.084720476945,1937279367.0935287
2022-03-09 10:02:31.058,394.9758164883497,1901671019.958228
2022-03-09 11:00:43.468,395.1690346318325,1484665594.7196853
2022-03-09 12:00:59.710,395.09227946622156,1973679116.515782
2022-03-09 13:03:00.547,394.34202967801167,2157444598.7756104
2022-03-09 14:01:15.156,393.9814147215046,2255234231.480968
2022-03-09 15:00:48.218,395.271757698135,2151014761.434165
2022-03-09 16:02:11.591,397.241792728081,2214440217.5905676
2022-03-09 17:00:57.875,394.83777318268574,2234789788.128825
2022-03-09 18:02:28.044,395.32127821846365,2069124957.3014486
2022-03-09 19:01:29.231,394.62651813602554,2193303095.6314926
2022-03-09 20:02:30.299,394.83505033574244,2249831668.795554
2022-03-09 21:02:21.681,391.7777082802402,860887946.5755398
2022-03-09 22:02:18.194,392.2351408755126,2092500713.0014923
2022-03-09 23:01:09.714,391.9596492181949,2126045155.1476657
2022-03-10 00:01:49.953,393.61178701657997,1804524853.4562242
2022-03-10 01:01:32.392,393.12503723874806,2118171449.5309722
2022-03-10 02:02:31.200,386.7331567837418,2041644259.8090413
2022-03-10 03:02:42.596,387.6115473782553,1999553515.5114226
2022-03-10 04:02:08.808,386.94079038169195,2015827038.7777455
2022-03-10 05:00:58.236,376.8038217840654,1946304571.6713157
2022-03-10 06:02:59.379,374.9413660513192,1933354381.2272706
2022-03-10 07:02:36.102,376.76133436950204,1921925698.95887
2022-03-10 08:01:44.357,377.95488087023796,1883150667.7125804
2022-03-10 09:02:21.412,377.2216928098134,1838122916.1190867
2022-03-10 10:00:47.211,377.4285882265703,1696870185.2566454
2022-03-10 11:01:48.754,376.9390905995942,1543614393.1276593
2022-03-10 12:00:42.671,376.70523695410003,1565580141.748454
2022-03-10 13:02:46.005,374.4313610002164,1629950489.4413307
2022-03-10 14:01:53.409,370.41437803467926,1415176258.5631597
2022-03-10 15:01:17.196,368.78901979684446,1772671098.4469109
2022-03-10 16:00:13.701,366.27778444915225,1789337219.0364141
2022-03-10 17:02:00.013,366.2505082786412,1857029168.2322638
2022-03-10 18:01:01.583,367.5721578875157,1885923117.1315112
2022-03-10 19:01:45.134,368.57338342805457,1815676292.9165833
2022-03-10 20:00:20.330,369.82926824595694,1831488825.4419076
2022-03-10 21:02:56.478,372.1064243091307,1873062200.2754376
2022-03-10 22:01:34.410,370.49109645662526,1171193971.8624387
2022-03-10 23:03:16.091,372.60314715705505,1697632323.7078671
2022-03-11 00:00:10.942,371.96825460939016,1594885257.3842895
2022-03-11 01:02:16.723,371.1419603216158,1832599073.1305482
2022-03-11 02:03:13.183,367.5962279628002,1815008115.5777428
2022-03-11 03:01:26.802,366.5614606873617,1799410351.9543438
2022-03-11 04:01:29.237,369.67238370607384,1805770177.2837696
2022-03-11 05:01:39.691,367.37568365008883,1717332362.652183
2022-03-11 06:02:49.725,370.27621535267673,1662941891.3331215
2022-03-11 07:01:24.790,372.14511460967327,1661161357.0870063
2022-03-11 08:02:20.335,374.10288397340696,1669412781.1230545
2022-03-11 09:02:45.848,372.9730475409233,1605100478.473664
2022-03-11 10:02:10.991,372.7396403105647,1662891111.703051
2022-03-11 10:05:21.845,372.7396403105647,1662891111.703051
2022-03-11 11:02:05.669,372.9626470339455,1586207080.2511806
2022-03-11 12:02:09.426,377.06587250494675,1680202285.4194083
2022-03-11 13:02:12.867,376.65342659228327,1725688045.1960492
2022-03-11 14:01:18.339,374.1333095851833,1534721490.7921715
2022-03-11 15:01:09.811,374.15132380553626,1413061252.3543282
2022-03-11 16:03:03.790,372.56951070289216,1393871199.8198483
2022-03-11 17:02:09.510,371.2899106167354,1218809668.4549754
2022-03-11 18:00:59.893,372.88197480822055,1184400919.1268287
2022-03-11 19:02:44.295,371.76015716400855,1258379211.0862513
2022-03-11 20:02:50.942,371.2411228903095,1210979723.443572
2022-03-11 21:03:08.578,370.5518351257484,1025409672.1825786
2022-03-11 22:03:11.921,373.1781811206167,1286307232.643931
2022-03-11 23:01:58.346,373.93517898556365,1184706434.9185183
2022-03-12 00:02:46.079,372.36543603264835,1295143505.749849
2022-03-12 01:02:45.921,375.92491613731937,1236783017.5592973
2022-03-12 02:02:04.042,376.47407790586215,1235897744.968871
2022-03-12 03:00:49.964,375.1176611185722,1057525997.6110611
2022-03-12 04:01:59.825,374.86037678215314,360152181.5412671
2022-03-12 05:02:24.158,375.112126420668,1242744229.4336514
2022-03-12 06:01:03.042,374.48542778722447,1190233242.4887626
2022-03-12 07:02:32.604,374.38409943258495,1168008132.609711
2022-03-12 08:03:26.205,375.2990724486501,760004017.8467547
2022-03-12 09:00:57.726,376.58604143227245,1223477721.6052287
2022-03-12 10:00:23.563,377.67822548169977,1204160497.7638175
2022-03-12 11:03:15.393,377.39258589398133,1142348237.1019363
2022-03-12 12:01:49.735,376.61898321224,1139446605.1326904
2022-03-12 13:01:07.726,378.03984162896836,1152488705.412805
2022-03-12 14:01:42.493,376.621415897627,409569616.0001964
2022-03-12 15:00:14.578,375.71449939380227,879812654.2560105
2022-03-12 16:00:05.091,377.31247760971934,1080342746.4584026
2022-03-12 17:01:44.233,377.4875720001163,849267534.8412942
2022-03-12 18:00:25.642,376.85510554957636,1003495723.0388144
2022-03-12 19:02:12.880,376.65454240077867,1001350979.6171399
2022-03-12 20:02:02.445,376.96504304824833,894689317.7260381
2022-03-12 21:00:43.731,376.70433529587365,992875422.754454
2022-03-12 22:01:37.796,375.46534849522607,940599966.7140408
2022-03-12 23:03:27.396,375.86981351615174,878038055.936517
2022-03-13 00:00:05.057,372.861142791542,964508018.3086361
2022-03-13 01:01:01.929,373.73309314180545,1033855948.2762873
2022-03-13 02:01:22.719,375.15761716181987,928491947.0574058
2022-03-13 03:01:04.645,375.980134747782,1001613797.04918
2022-03-13 04:01:04.620,376.03512046313443,655603261.056563
2022-03-13 05:01:39.923,376.03018732798284,931380925.9694494
2022-03-13 06:02:16.360,375.8724832999168,661461650.5039947
2022-03-13 07:00:52.970,375.61738827548305,929482436.1437244
2022-03-13 08:02:39.108,374.94125202227696,891238214.1787744
2022-03-13 09:03:40.232,373.03117303360517,865177870.4698933
2022-03-13 10:01:58.481,371.28432443868996,849308244.9271289
2022-03-13 11:00:10.892,372.26018888257266,913740571.9779016
2022-03-13 12:01:38.624,370.8784655294382,889469851.5997578
2022-03-13 13:03:20.678,369.1635918941908,855565712.0796655
2022-03-13 14:01:30.635,371.6507226749302,876894109.3251444
2022-03-13 15:03:35.386,371.70016012585603,603678586.361085
2022-03-13 16:02:35.220,371.2443468252296,757720029.9059402
2022-03-13 17:01:39.549,371.62335466094726,312694438.6114654
2022-03-13 18:00:17.429,372.0338721619712,810474989.6180632
2022-03-13 19:00:50.420,373.3896816447885,941888580.7164968
2022-03-13 20:01:03.719,372.0699284662071,860458086.781422
2022-03-13 21:00:15.544,370.3333131138814,875772793.258729
2022-03-13 22:01:05.026,370.76620914278027,942726167.4303592
2022-03-13 23:02:19.231,365.47524295919385,978830936.5358325
2022-03-14 00:02:11.127,362.3421368408956,376150073.5854782
2022-03-14 01:00:11.523,362.380363738875,965391319.3675392
2022-03-14 02:02:30.174,364.15860321338323,976486789.0283002
2022-03-14 03:01:24.940,364.03755063921517,1034128254.4000823
2022-03-14 04:01:40.765,365.25220328482965,1033164767.0492151
2022-03-14 05:00:19.526,368.50015154249985,1125012434.5445576
2022-03-14 06:00:09.316,367.78301884714597,876900930.4000217
2022-03-14 07:02:29.948,368.26903948627637,1146449863.0269225
2022-03-14 08:03:02.616,370.0718898640583,829124159.2190683
2022-03-14 09:00:57.310,370.4578024186023,1181750288.1474998
2022-03-14 10:01:30.282,371.7058225521194,1101720842.3304496
2022-03-14 11:02:12.786,369.72285240920064,1168256012.1925974
2022-03-14 12:02:57.271,368.6685612651615,992315438.4901778
2022-03-14 13:00:42.023,367.09759997861926,1128747400.4901867
2022-03-14 14:00:11.984,368.6258933478872,1124820363.8010468
2022-03-14 15:01:12.828,368.65901143215325,1170497028.8020737
2022-03-14 16:01:32.508,368.31800707208544,1150401391.1821928
2022-03-14 17:01:39.616,367.8858313638101,1130264068.3798382
2022-03-14 18:00:44.190,366.5541414844746,1118989282.0376842
2022-03-14 19:03:12.501,365.4343707163397,1133873906.1528568
2022-03-14 20:01:37.234,365.3364954400046,1120299781.2492065
2022-03-14 21:03:22.080,365.4148913501592,1031408569.1207752
2022-03-14 22:00:48.125,366.0505663261245,1163270920.9985313
2022-03-14 23:02:11.506,371.11643690692085,1273346991.9232843
2022-03-15 00:02:49.191,373.63870484647333,1184185305.577221
2022-03-15 01:01:40.614,372.90959019475866,1190948623.248796
2022-03-15 02:01:34.138,368.4602078678308,1178624178.6428204
2022-03-15 03:03:35.744,369.0112047948527,1178401736.5004396
2022-03-15 04:02:01.209,366.9671275163303,815495626.5919418
2022-03-15 05:00:22.424,367.16930029776245,1099951012.114866
2022-03-15 06:02:17.175,366.6556902170482,1084082682.064281
2022-03-15 07:00:59.604,367.1286117492898,1064897044.918608
2022-03-15 08:02:11.083,364.0952723283378,1119846904.2087636
2022-03-15 09:01:21.638,363.46443924699184,1053120147.2627721
2022-03-15 10:02:55.418,364.54868484242314,1148705977.8744779
2022-03-15 11:00:27.241,365.5442708610941,1144194320.7623043
2022-03-15 12:01:44.969,365.0920010005991,860078966.7621353
2022-03-15 13:01:00.925,366.6975976313275,1171071470.3720615
2022-03-15 14:02:52.096,365.8957136654423,1142461604.2769623
2022-03-15 15:01:37.359,368.2793998477071,1068618921.6787242
2022-03-15 16:02:47.356,368.32852649965184,835676268.1808821
2022-03-15 17:03:11.901,370.61883561629344,943628228.7454087
2022-03-15 18:02:24.954,370.63368875574656,1134661915.8646266
2022-03-15 19:01:34.146,371.75951737438936,1141074733.547466
2022-03-15 20:01:41.647,372.9956763090004,1167684171.1160758
2022-03-15 21:03:30.210,371.60639540557224,1095385375.4897988
2022-03-15 22:03:06.335,372.5027619085236,1164894529.86494
2022-03-15 23:02:22.035,372.08536991852134,1068551933.3618584
2022-03-16 00:02:35.865,371.5510664751932,1137029114.8387299
2022-03-16 01:03:31.145,370.9640902906916,1009759566.7977049
2022-03-16 02:03:08.981,373.8851067928973,1116436510.5101633
2022-03-16 03:00:40.351,379.26113076978515,1129723854.8188403
2022-03-16 04:00:40.089,369.9098719316544,1268467591.7985466
2022-03-16 05:01:18.121,369.1234861020586,1276319925.044618
2022-03-16 06:01:06.992,370.0830816171454,1297059832.8599555
2022-03-16 07:03:39.384,372.9277203916376,1282334060.559902
2022-03-16 08:02:27.399,372.36631877857087,1292368758.8696756
2022-03-16 09:00:45.189,377.3722127822329,1168187574.320625
2022-03-16 10:03:26.449,378.1785577496951,1306756657.6617475
2022-03-16 11:01:08.064,377.2055094087253,1370365907.3589091
2022-03-16 12:02:33.791,378.3649668016626,1347397299.0623739
2022-03-16 13:01:17.374,376.5013161979249,1325332558.823773
2022-03-16 14:00:49.093,377.50404409880434,1347221764.2280777
2022-03-16 15:02:27.565,378.83924411209205,1376520053.2290263
2022-03-16 16:03:10.258,378.9713915367655,1339513389.6388307
2022-03-16 17:02:22.337,376.38117135831357,1336889522.892049
2022-03-16 18:01:13.964,377.682907371428,1384688520.0036168
2022-03-16 19:02:08.578,376.6169771752898,1094824242.4308019
2022-03-16 20:01:44.526,383.3102407253683,1522839051.3539243
2022-03-16 21:01:49.179,385.5780050173604,1489477029.5431218
2022-03-16 22:03:03.580,384.4347613833251,652259140.7140504
2022-03-16 23:03:09.603,383.155435013537,1393734883.5326061
2022-03-17 00:01:10.434,385.651946371343,1510185427.3732588
2022-03-17 01:01:50.938,383.890690801453,1386656118.5365224
2022-03-17 02:02:16.805,383.89217048687556,1412281923.2511463
2022-03-17 03:00:56.092,384.011928512689,1386635789.1495595
2022-03-17 04:02:14.889,383.62537052042626,1306105755.239481
2022-03-17 05:03:01.296,386.51974632622733,1398458565.8616593
2022-03-17 06:02:04.453,386.5437583762954,1429703056.3537881
2022-03-17 07:00:53.987,385.3103328952194,1403981375.56043
2022-03-17 08:01:49.453,384.73428072163205,1318900024.936146
2022-03-17 09:01:34.746,385.21562258899365,1354061656.9999366
2022-03-17 10:01:51.411,385.66730484770113,1368668227.483654
2022-03-17 11:02:37.091,384.3830657760322,1266253833.7171528
2022-03-17 12:02:48.900,384.9518915074154,1314788931.5936868
2022-03-17 13:00:15.672,390.94993345881466,1367355152.5942814
2022-03-17 14:03:17.054,391.03923346773007,1491313264.6000388
2022-03-17 15:01:54.268,387.41165486198867,1532306428.4274247
2022-03-17 16:01:54.495,388.3428688758885,1546190463.47536
2022-03-17 17:03:10.772,388.4067265033996,1414065473.7982483
2022-03-17 18:01:37.103,388.8136736554577,1493615603.4074686
2022-03-17 19:03:39.841,388.7688878603301,608970764.570168
2022-03-17 20:02:07.185,389.5624285459095,1410325607.1564727
2022-03-17 21:02:17.286,388.4629922396344,1238457375.8762634
2022-03-17 22:02:04.746,389.6727365251361,1332894659.0320132
2022-03-17 23:02:47.026,391.14241582504314,1360824608.5626948
2022-03-18 00:01:27.577,392.37620805338537,1283779184.118896
2022-03-18 01:01:51.319,388.1468359650472,1413730952.6952682
2022-03-18 02:02:10.479,388.1635228858781,1366524247.9726999
2022-03-18 03:02:14.674,385.5897389631796,1251452493.491341
2022-03-18 04:01:08.435,385.27263571867616,1301534368.5541933
2022-03-18 05:00:18.042,386.3315180431912,1363713051.1075346
2022-03-18 06:01:53.390,387.5614379328624,851302200.8089504
2022-03-18 07:01:55.154,387.6881279923127,1207277107.7370007
2022-03-18 08:02:50.965,387.28682589340957,1313465445.0156124
2022-03-18 09:07:47.892,388.7907953055471,1330003280.454236
2022-03-18 10:01:44.695,386.55307927854915,1347580698.9937797
2022-03-18 11:01:53.090,386.2529951312812,1358892941.3040328
2022-03-18 12:01:32.623,386.2390014465025,1336872785.0938766
2022-03-18 13:03:19.223,386.5084811100902,1252665242.750715
2022-03-18 14:02:39.513,388.0815376574681,1067183692.2345659
2022-03-18 15:03:02.945,389.59824756964997,1179427795.8790584
2022-03-18 16:02:16.358,393.2047523189591,1270863617.1061206
2022-03-18 17:01:41.536,395.0853122310058,1344367545.0510244
2022-03-18 18:00:31.302,397.8753013881644,1356529614.1885028
2022-03-18 19:03:12.929,396.44670922819864,1281038329.3237052
2022-03-18 20:03:32.351,397.65992718857194,1360239267.5711234
2022-03-18 21:01:02.715,397.4822903796579,1384993657.889687
2022-03-18 22:00:41.150,396.83322174142415,1407688792.9614563
2022-03-18 23:02:34.149,396.44602709254593,1323253132.7355983
2022-03-19 00:01:41.313,397.6323146779455,1348743666.6484985
2022-03-19 01:01:15.768,399.9652109589973,1408247853.0154793
2022-03-19 02:02:46.181,399.70121405901756,1298548151.8329585
2022-03-19 03:03:25.415,399.3002129946528,1279610920.6360335
2022-03-19 04:00:26.782,398.0774935413183,1258480503.0004141
2022-03-19 05:01:43.807,397.9047615025597,1359779122.4250796
2022-03-19 06:01:14.123,397.4648399120449,1296572053.768643
2022-03-19 07:01:58.326,397.92361994325046,1280233222.3827276
2022-03-19 08:01:38.227,395.9346667748103,1355968269.004426
2022-03-19 09:06:32.739,396.5808095010922,253768170.6350737
2022-03-19 10:02:44.711,398.75084011334997,1286049871.7007432
2022-03-19 11:01:32.464,399.0848839434838,1254309042.638236
2022-03-19 12:02:53.684,401.350123695295,1362161409.2598813
2022-03-19 13:01:49.401,404.3531167236892,1297681888.3398554
2022-03-19 14:01:25.762,403.66354961397724,1252141632.384188
2022-03-19 15:02:31.833,404.7663099675183,1313511740.5399494
2022-03-19 16:01:44.845,403.5120508552448,1289206756.035572
2022-03-19 17:02:17.235,405.30681633797667,1249200424.9343917
2022-03-19 18:01:59.996,402.97238642578657,1239599100.2758884
2022-03-19 19:00:27.591,401.6760716243402,1244244994.5791543
2022-03-19 20:01:46.458,399.39711572554097,1142031142.5057988
2022-03-19 21:01:55.538,400.34104828732757,1243881846.7010856
2022-03-19 22:00:33.071,401.29293970328104,1275463992.838248
2022-03-19 23:02:35.545,398.89183623126115,1209220140.1513941
2022-03-20 00:01:00.758,399.60386256909703,942688898.0845921
2022-03-20 01:02:05.627,397.842328068736,1187897651.355079
2022-03-20 02:01:29.184,395.170625629141,969155572.8526785
2022-03-20 03:00:54.985,395.3393137297868,1262486641.7253995
2022-03-20 04:03:21.474,396.9606226486496,1189055703.1906388
2022-03-20 05:03:49.524,396.7513478158935,1277250306.7892325
2022-03-20 06:00:35.666,396.40704988719085,930587681.0319452
2022-03-20 07:03:58.310,397.53941525044684,1240256518.4244065
2022-03-20 08:01:27.872,397.43395864486575,933138961.8670583
2022-03-20 09:09:04.659,397.60127889970096,1104362804.5613716
2022-03-20 10:08:26.551,395.86478144757814,1213657408.4901998
2022-03-20 11:01:48.314,395.49675599172576,1259085557.5756965
2022-03-20 12:01:52.101,394.05728245561767,1168967235.0521626
2022-03-20 13:01:11.083,393.19388168287503,1180895795.638984
2022-03-20 14:01:51.555,391.9045548288904,1178757577.7566838
2022-03-20 15:02:01.190,391.7015305919589,1113029927.6703613
2022-03-20 16:01:42.998,390.8299445267592,1178579986.5961015
2022-03-20 17:00:52.674,390.8036231033224,1118481624.4100773
2022-03-20 18:03:59.264,387.1608857779456,1149914242.0905871
2022-03-20 19:01:26.947,388.5938040318303,1154962361.708082
2022-03-20 20:03:10.906,391.3989129797713,1147413768.6568007
2022-03-20 21:00:24.053,390.11487695759536,1168010828.3545527
2022-03-20 22:03:33.480,392.66591471546616,1098958052.2045932
2022-03-20 23:01:31.454,393.06258634234337,823835505.6042271
2022-03-21 00:01:06.025,390.73393615164787,1089593267.9744828
2022-03-21 01:01:42.686,391.1249444147091,1107539807.3229632
2022-03-21 02:02:26.358,389.970117851125,1041255124.6311305
2022-03-21 03:00:58.135,387.4417326788599,1067054096.0179979
2022-03-21 04:04:06.770,388.92058767650866,1187802011.6048596
2022-03-21 05:03:02.184,389.5941790132374,1139473114.3657832
2022-03-21 06:02:41.469,390.1554952130368,822949809.6215309
2022-03-21 07:01:09.896,390.68522170991946,1141646200.1640325
2022-03-21 08:02:54.141,392.3435977229406,1099822537.170453
2022-03-21 09:03:33.494,393.0321929172263,1214870648.5262728
2022-03-21 10:00:46.780,393.8757652050952,1187097459.7170758
2022-03-21 11:02:26.372,394.8328236134873,1202183719.8542242
2022-03-21 12:01:47.415,394.7044662412552,691679261.9747754
2022-03-21 13:02:07.969,393.8867612220117,1192813579.2254298
2022-03-21 14:01:55.425,395.77699872991025,1278612323.4072986
2022-03-21 15:02:08.765,395.7846407443634,830582948.818293
2022-03-21 16:01:44.274,398.6776517840108,1277076751.4050941
2022-03-21 17:02:13.803,395.9338293432051,1308981976.9975185
2022-03-21 18:02:14.266,396.94179691329794,1334569364.9979815
2022-03-21 19:03:34.375,396.66041693212185,1303597839.0689325
2022-03-21 20:03:05.366,397.85788620992184,1346446122.0440922
2022-03-21 21:01:04.036,396.90369903397465,1299991431.1692638
2022-03-21 22:00:16.196,397.6996137651643,1378283881.400267
2022-03-21 23:03:15.990,396.9724804090415,1352863133.5180485
2022-03-22 00:03:17.090,396.4847041639013,1117952150.0327206
2022-03-22 01:01:28.041,396.5298245489454,1375560558.4359572
2022-03-22 02:03:06.265,397.1051980768543,1386523145.57616
2022-03-22 03:01:17.362,401.1700721717124,1343247279.7645805
2022-03-22 04:00:52.407,405.1466963155079,1451270291.8295379
2022-03-22 05:04:29.154,408.06590697158657,1571749669.5214758
2022-03-22 06:01:57.290,407.38550113339153,1520589392.0640883
2022-03-22 07:01:39.430,403.4342563841067,1309469949.2565582
2022-03-22 08:04:31.009,403.9783000437003,1358135738.6426132
2022-03-22 09:03:24.240,405.5078171570229,1700981374.9586484
2022-03-22 10:01:48.862,405.00071533053836,1543051012.108633
2022-03-22 11:00:11.566,406.04137778749396,1634626820.418836
2022-03-22 12:03:23.641,406.96901861200274,1267355672.756642
2022-03-22 13:04:30.315,406.472214539535,1435873093.1843457
2022-03-22 14:02:25.010,407.8277078902464,1596057939.0842786
2022-03-22 15:04:53.103,407.7254747692967,1654607427.6784976
2022-03-22 16:02:05.778,406.7576422293824,1624419802.940856
2022-03-22 17:02:37.036,405.2646043662009,1592245717.3180478
2022-03-22 18:01:29.791,405.83073211335113,1441080543.6773818
2022-03-22 19:03:00.541,404.4273557182282,1542924885.646221
2022-03-22 20:01:20.731,403.62354452466315,1225494911.743479
2022-03-22 21:00:39.886,405.3743420394702,1609801941.005135
2022-03-22 22:01:05.047,407.02590233619304,1539031257.4907386
2022-03-22 23:03:18.583,406.12484670935834,1460892516.29325
2022-03-23 00:01:40.598,403.974420320891,1410134835.8988323
2022-03-23 01:02:03.878,405.0502142688793,1460429654.0289137
2022-03-23 02:01:32.615,404.22255755712905,1513836869.2715912
2022-03-23 03:02:59.579,404.31112036028765,1401583969.0684032
2022-03-23 04:02:55.645,402.1766330001934,1306099248.7884378
2022-03-23 05:01:11.952,399.98188205552964,1285064136.998022
2022-03-23 06:02:16.117,401.313082363523,1267734900.3293788
2022-03-23 07:01:38.867,403.3601748797087,875690543.7286578
2022-03-23 08:02:12.070,401.1411988223352,1225529564.8916535
2022-03-23 09:01:38.493,402.7834136306143,1059571236.185499
2022-03-23 10:01:50.722,402.42041355383805,1167322289.9063878
2022-03-23 11:03:14.305,401.96915744704387,1167189945.728232
2022-03-23 12:01:06.363,401.1311540580417,1151082820.689965
2022-03-23 13:02:08.988,403.0982181180526,1222996377.7578661
2022-03-23 14:03:05.600,402.7436434828381,1183984981.9477723
2022-03-23 15:04:32.762,405.5819132106434,1211326473.79701
2022-03-23 16:03:04.443,409.55820524486313,772678166.068009
2022-03-23 17:02:50.550,407.94619364950177,1232849983.3561294
2022-03-23 18:01:49.387,402.6211653412438,1337011624.3245463
2022-03-23 19:03:57.642,402.9347011234168,1258342867.468219
2022-03-23 20:00:45.552,403.78567264327245,767015246.930568
2022-03-23 21:02:57.073,404.7907769666073,1305447887.6366482
2022-03-23 22:02:37.144,405.6653032712265,1349411716.610957
2022-03-23 23:02:32.838,406.6451072827829,1294288715.1289303
2022-03-24 00:02:44.422,407.68775331724646,1347405288.962077
2022-03-24 01:01:50.234,410.6590997399531,1303598967.9270136
2022-03-24 02:02:11.283,407.90029358021815,1325520397.0163386
2022-03-24 03:02:40.246,409.2653229697197,1372602571.4757135
2022-03-24 04:01:09.599,407.3771544818626,813867487.6827197
2022-03-24 05:01:38.528,407.7893558416305,1301814199.8324134
2022-03-24 06:02:48.197,409.76785252719077,1230057779.119659
2022-03-24 07:04:23.840,411.62382317328246,1006485045.7550232
2022-03-24 08:03:40.144,410.5673729411477,1267832053.0027776
2022-03-24 09:01:03.169,411.2677381799783,1282003984.2977266
2022-03-24 10:02:01.015,410.3732153907664,1426412133.1263099
2022-03-24 11:02:31.663,410.1370720786331,1399826670.1462283
2022-03-24 12:03:11.247,409.64546779225105,1118206351.5566812
2022-03-24 13:00:19.360,407.35471406927843,1426653328.652371
2022-03-24 14:01:47.919,407.88049614654864,1444661857.2729394
2022-03-24 15:02:51.829,408.58603635833214,1215184118.1989417
2022-03-24 16:01:11.310,413.6368613066922,1469423241.224038
2022-03-24 17:01:58.378,414.58291561302445,1457751144.5374215
2022-03-24 18:01:50.992,414.022041888028,1324913604.1955738
2022-03-24 19:05:32.338,415.2271266485366,1168338547.4564772
2022-03-24 20:02:44.984,414.117124743385,1424773928.3945155
2022-03-24 21:03:25.309,413.5588466944891,1423412491.84967
2022-03-24 22:04:00.266,412.91995283686225,1247133444.7835598
2022-03-24 23:00:36.262,414.01180620484314,1470665273.1020365
2022-03-25 00:02:14.323,413.8599893849928,1438767596.0016632
2022-03-25 01:03:20.545,412.1023170040198,1261407021.910846
2022-03-25 02:02:58.747,415.02777830291694,1040345810.7170719
2022-03-25 03:02:36.581,412.78774062142554,1381151631.648085
2022-03-25 04:02:34.414,413.17582760796927,1356782826.8129342
2022-03-25 05:02:06.954,414.8284041866356,1209048240.4528341
2022-03-25 06:02:41.778,414.278188682713,1234708162.0079823
2022-03-25 07:01:56.698,414.250027848556,1357320710.032393
2022-03-25 08:00:45.464,412.62250351614307,1360192617.930221
2022-03-25 09:01:58.246,411.08811229167634,980403746.8336588
2022-03-25 10:02:05.730,413.60620820894576,671956816.8382139
2022-03-25 11:01:15.908,414.4047211957052,1299971250.417633
2022-03-25 12:01:38.333,418.8461315069247,1437230471.72709
2022-03-25 13:01:27.663,420.1262986483749,1547230575.7654104
2022-03-25 14:03:20.994,420.75550348245724,1458207461.0424507
2022-03-25 15:03:39.632,418.61626647817866,1475994878.907351
2022-03-25 16:00:06.816,412.2386690378309,1316800151.0883698
2022-03-25 17:04:01.966,410.67268848419906,1460308634.597664
2022-03-25 18:03:30.205,408.44535623033835,1372004104.0489125
2022-03-25 19:03:46.179,411.31811993486997,1331557502.4844291
2022-03-25 20:02:10.695,410.0201780549846,1340862621.1611238
2022-03-25 21:01:22.246,411.9563232548775,1484897154.2669594
2022-03-25 22:03:10.118,412.2983935703459,1457404085.4337254
2022-03-25 23:00:16.526,410.83489795594863,1393783598.076338
2022-03-26 00:03:14.995,410.7318374965805,1168360138.803626
2022-03-26 01:02:48.546,409.05087709108966,1447397947.023273
2022-03-26 02:02:23.532,409.18750068592294,1153638930.6069374
2022-03-26 03:02:20.810,408.3031740788754,1406593564.4749627
2022-03-26 04:02:30.796,409.9248619782109,1299286651.8959527
2022-03-26 05:00:55.626,411.138250004845,1381480687.1210017
2022-03-26 06:01:44.835,412.0273336020129,1108415786.4469748
2022-03-26 07:02:17.084,411.97249547413674,1028014832.6592773
2022-03-26 08:02:09.088,413.0869008511492,1350852522.533341
2022-03-26 09:03:04.725,414.2986148371484,1124165855.3939657
2022-03-26 10:02:43.315,415.1404391210799,748097103.0497403
2022-03-26 11:00:58.198,413.7652251191043,1228558267.8341677
2022-03-26 12:02:22.999,414.6754626999595,1177834208.9753077
2022-03-26 13:01:42.174,413.13857046224643,1073464741.8204342
2022-03-26 14:02:35.489,411.73413249046234,1119805702.275477
2022-03-26 15:01:29.038,411.9651136162296,1039772173.2152814
2022-03-26 16:02:54.219,413.3861613176549,1033546238.4516852
2022-03-26 17:03:02.917,413.7069801373386,915535369.9731027
2022-03-26 18:03:34.968,413.15863625351074,901015865.9956987
2022-03-26 19:02:07.666,413.81904255975627,780599799.9123987
2022-03-26 20:01:29.281,413.93696746410933,840985767.9377853
2022-03-26 21:01:29.035,414.787245082651,914176547.3294529
2022-03-26 22:02:50.626,414.6911242618612,748945143.5422981
2022-03-26 23:02:59.968,414.4500906535265,887807980.3539029
2022-03-27 00:01:11.097,415.64086101303536,810539522.9863377
2022-03-27 01:02:28.169,416.54619709792144,865021352.5521213
2022-03-27 02:00:11.097,417.3528947762348,834091622.0371445
2022-03-27 03:02:02.788,416.6977824404856,892369925.8149341
2022-03-27 04:02:03.668,415.54889907076,771881419.4445152
2022-03-27 05:02:00.614,415.2537073932381,860961231.2548444
2022-03-27 06:02:45.289,415.91125158555064,834691680.2359678
2022-03-27 07:02:02.407,416.7508277591643,697363531.3539135
2022-03-27 08:00:43.068,416.84605386257795,831449834.9634646
2022-03-27 09:02:22.784,415.6063846414689,730023188.0370197
2022-03-27 10:05:33.919,414.9759652698826,520988227.4375772
2022-03-27 11:01:54.694,414.86321859235636,881812783.5964452
2022-03-27 12:01:17.759,415.1566914896411,838372566.6372381
2022-03-27 13:00:33.698,413.43785504084144,821921397.010424
2022-03-27 14:01:45.705,413.61235074031646,845000074.5423188
2022-03-27 15:01:32.257,414.12805500278466,818562694.3203313
2022-03-27 16:01:22.421,417.80099987892373,803387888.3361337
2022-03-27 17:02:17.294,417.6172404101672,922730383.3705583
2022-03-27 18:00:55.423,417.4463325894209,942724198.0527956
2022-03-27 19:00:10.890,416.3952017192402,557852049.8193345
2022-03-27 20:00:48.212,417.34153824855036,950888138.0457034
2022-03-27 21:01:59.019,422.0179482883858,623124492.8961366
2022-03-27 22:01:20.351,426.53138410320054,1123332133.8998218
2022-03-27 23:01:26.980,428.69220667452055,1134018760.59842
2022-03-28 00:03:17.357,429.7920415860487,1228513374.3778086
2022-03-28 01:01:17.781,428.6534544293289,1247102706.0717516
2022-03-28 02:00:14.518,428.1557253262732,1112435758.6426234
2022-03-28 03:00:16.542,429.96052111756933,1378666755.4685962
2022-03-28 04:04:00.955,431.175287792178,1381693698.8706923
2022-03-28 05:02:02.105,431.5840992755749,1378937211.8231337
2022-03-28 06:01:09.964,435.4011765338768,1317299825.2733817
2022-03-28 07:02:56.140,433.1603639329477,1490193064.2107801
2022-03-28 08:01:51.311,431.5278290136006,1592086081.453546
2022-03-28 09:00:19.885,431.9062194372802,1526673335.383885
2022-03-28 10:02:38.843,433.0143457545696,1632338974.9147317
2022-03-28 11:00:47.999,434.21196462462257,1591933085.8575485
2022-03-28 12:01:23.716,434.95940673514013,1549253795.0368948
2022-03-28 13:00:25.825,434.26823219107,1569089443.3135939
2022-03-28 14:02:40.761,439.7143718054182,1627583207.0046318
2022-03-28 15:00:41.555,439.04103987986383,1837297796.462114
2022-03-28 16:01:41.143,437.02735581175017,1763886665.3799438
2022-03-28 17:00:34.234,436.8579796552182,1785177457.1686485
2022-03-28 18:03:22.786,437.54993316192673,1821423096.1945572
2022-03-28 19:01:08.231,439.33269084707865,1856498809.4581344
2022-03-28 20:00:18.911,436.96090681070723,1921785264.9241207
2022-03-28 21:02:07.203,437.92463164113263,1819769259.2311065
2022-03-28 22:02:19.928,434.4633867366813,1825090413.1876447
2022-03-28 23:02:23.569,434.6913610317719,1713183005.6567023
2022-03-29 00:01:18.850,429.884089355581,1785452104.8351495
2022-03-29 01:02:13.972,432.77660034469324,1777634543.2418277
2022-03-29 02:01:58.117,433.8456422697832,1759795888.2242787
2022-03-29 03:01:23.103,433.8996233908462,1702140725.6461987
2022-03-29 04:00:30.305,432.5957941194782,1734288687.1949625
2022-03-29 05:00:31.077,434.76244057050917,1725690674.2603285
2022-03-29 06:02:03.674,435.37417262102616,1676941647.6158779
2022-03-29 07:00:09.757,434.9402654097047,1677088653.6357374
2022-03-29 08:02:02.516,434.7445805834468,1486684513.3990917
2022-03-29 09:01:09.790,436.37783850655694,1647550079.882183
2022-03-29 10:02:56.719,436.5901870887656,1638688874.7936733
2022-03-29 11:11:21.047,437.3209557036629,1426621319.0644531
2022-03-29 12:00:14.760,439.94374333440413,1617581889.870007
2022-03-29 13:02:26.774,439.3616687541901,1409700900.621838
2022-03-29 14:01:59.284,438.0370542966071,1739447842.199161
2022-03-29 15:01:01.103,439.17919462349494,1656117347.6350074
2022-03-29 16:01:55.632,435.0261904463494,1749311271.0837197
2022-03-29 17:00:52.471,433.42750911220594,1611753425.6476727
2022-03-29 18:01:52.811,432.4674950749655,1724827070.7509165
2022-03-29 19:01:40.383,434.2733053092574,583855282.9598421
2022-03-29 20:00:24.383,436.0156775646609,1778718964.0268474
2022-03-29 21:00:49.482,434.21030028298367,1766535034.1518047
2022-03-29 22:00:15.719,432.80855889335305,1725988644.5968487
2022-03-29 23:02:30.952,433.1910088452958,1741276750.4278455
2022-03-30 00:01:14.196,434.2387612729163,1668474042.098358
2022-03-30 01:01:46.057,431.91020464183964,1675407685.900091
2022-03-30 02:02:26.052,427.39054254689734,1266807255.4769754
2022-03-30 03:00:23.913,430.87318488147645,1687212545.3634386
2022-03-30 03:03:09.989,430.87318488147645,1687212545.3634386
2022-03-30 04:02:58.079,432.65495320844656,1355779692.853874
2022-03-30 05:02:23.718,430.9455476375577,1661904356.0418613
2022-03-30 06:02:39.104,432.46855115428696,1579089472.7070127
2022-03-30 07:02:02.136,434.18777395992436,1724126017.8819687
2022-03-30 08:02:10.160,436.7455920811391,1097827206.9991426
2022-03-30 09:01:20.644,437.0910701647227,1657416355.9053864
2022-03-30 10:02:27.523,436.205817684846,1443850100.555331
2022-03-30 11:02:13.499,436.80187732316494,282801475.48568344
2022-03-30 12:01:32.967,438.70978129714285,1798743049.4254227
2022-03-30 13:01:13.721,438.8683300896391,1823095174.723391
2022-03-30 14:01:19.787,435.40684640548614,1614721420.7085147
2022-03-30 15:00:24.094,436.48275895655485,1717214775.2044556
2022-03-30 16:02:16.126,437.6858116086334,1761305859.930056
2022-03-30 17:02:23.777,446.2913874822875,553893273.1005049
2022-03-30 18:00:33.364,447.936922439565,1875132579.3114812
2022-03-30 19:03:32.940,445.8706591673287,1874323676.7186842
2022-03-30 20:02:10.270,443.06011193691893,1904280664.8268707
2022-03-30 21:01:47.796,446.3188618422688,1952943430.3188066
2022-03-30 22:03:00.042,442.43828681960446,1852033398.062044
2022-03-30 23:00:14.677,442.65565819185275,1888464991.1809962
2022-03-31 00:02:16.195,442.79274502324165,1873665298.2904177
2022-03-31 01:02:51.349,447.65223675581575,1063927906.3935827
2022-03-31 02:01:45.120,450.7715324674559,2051315162.9385738
2022-03-31 03:02:38.697,446.1809163147748,1902889848.649814
2022-03-31 04:02:01.772,444.98163152164705,1990163228.6376767
2022-03-31 05:02:18.816,442.7656298236816,2103862207.6261647
2022-03-31 06:02:44.777,443.4798534806635,1878334626.5323827
2022-03-31 07:03:13.158,444.4030416449025,2035663470.034274
2022-03-31 08:00:51.996,444.93491415388667,2050991056.8761175
2022-03-31 09:00:57.048,447.38349918795194,2142669240.5935736
2022-03-31 10:01:21.850,446.25316870949285,2067895556.9111116
2022-03-31 11:00:31.749,448.0615408932825,2080581033.3302176
2022-03-31 12:01:37.741,445.4970133255993,1594139171.956141
2022-03-31 13:05:26.440,447.70464973968745,1983348513.2379637
2022-03-31 14:01:56.067,444.771082271758,1130522568.6375813
2022-03-31 15:02:00.163,437.0354798983581,2023222710.8139818
2022-03-31 16:02:33.245,434.3274362034351,1626156874.130082
2022-03-31 17:01:43.861,426.32183706043884,2250254373.959173
2022-03-31 18:03:06.024,430.58175393465285,280865481.587987
2022-03-31 19:02:09.043,430.710670953362,1965042729.9674428
2022-03-31 20:00:37.096,427.35300357365816,2052464515.1880186
2022-03-31 21:02:07.990,429.16951017450447,2287205184.857885
2022-03-31 22:02:09.195,430.13727596997967,1391651827.5898745
2022-03-31 23:03:18.734,431.09597896029277,2131208619.780833
2022-04-01 00:02:06.581,429.3585499724353,2129781704.0540721
2022-04-01 01:02:14.303,429.706859439383,1416099065.6983886
2022-04-01 02:02:30.544,425.3492929514059,1939608753.0550857
2022-04-01 03:02:29.424,415.35321760259245,2261552103.2243085
2022-04-01 04:01:55.217,418.68589024159235,2259396531.4836326
2022-04-01 05:02:56.971,420.28940370773194,2277427595.6335344
2022-04-01 06:03:46.077,421.0360031692258,2314162880.251001
2022-04-01 07:05:31.776,422.66257057046045,2281235202.345186
2022-04-01 08:02:34.946,427.82368359648603,2127244305.7005405
2022-04-01 09:05:58.418,428.0294435530966,2447939149.213407
2022-04-01 10:02:27.658,429.275427266899,2389065712.2420635
2022-04-01 11:02:14.497,432.1455145690425,2462779088.188015
2022-04-01 12:01:42.936,431.18140040988646,2502291977.259782
2022-04-01 13:02:02.062,432.772390558245,2475965030.1856823
2022-04-01 14:01:35.358,432.7980701461436,2523533930.2787137
2022-04-01 15:02:22.329,439.6278156603758,2456830485.6863775
2022-04-01 16:00:45.658,441.4409498869586,2475908455.221313
2022-04-01 17:02:06.380,442.2838254976101,2440678366.8297424
2022-04-01 18:03:04.862,445.6492542884345,1637576493.867859
2022-04-01 19:02:29.178,444.350653091171,1613527843.828272
2022-04-01 20:00:49.945,445.5976648700299,2405854002.5033283
2022-04-01 21:00:18.506,444.60374261098764,2434367858.6549397
2022-04-01 22:02:10.879,445.27977368947444,1021855227.038435
2022-04-01 23:02:12.540,444.98777411371043,1920865213.9460862
2022-04-02 00:01:24.881,446.51720877896327,2415807550.643166
2022-04-02 01:00:47.238,452.91220548696583,2539950382.818363
2022-04-02 02:02:00.083,452.23991343202835,2453765986.107168
2022-04-02 03:01:05.383,450.32299656073775,2423340970.514057
2022-04-02 04:01:38.540,448.8549421628389,2180033476.389276
2022-04-02 05:00:24.297,448.97057431707015,2376577321.718582
2022-04-02 06:01:38.070,449.3243812813568,614905489.1475649
2022-04-02 07:01:15.108,450.440223944571,2353339032.267624
2022-04-02 08:02:08.110,450.4850160693736,2385040290.2819543
2022-04-02 09:07:24.378,448.86344975787904,2225175044.2455606
2022-04-02 10:01:50.185,449.3689304566188,2310209645.558101
2022-04-02 11:01:36.488,449.92903367210914,2201195048.202762
2022-04-02 12:02:00.130,448.73283997531456,2128115557.8164055
2022-04-02 13:01:17.364,449.632616274793,2139623628.1492794
2022-04-02 14:01:45.485,449.2882067686173,2136317523.614507
2022-04-02 15:00:30.422,447.34546119925574,1932169081.3003979
2022-04-02 16:01:06.617,442.19376254042237,2078269043.8537745
2022-04-02 17:01:35.914,444.50335273232673,1990043351.5372097
2022-04-02 18:01:26.095,445.1416003886285,1167667324.2431357
2022-04-02 19:03:21.922,441.26053740540414,2046517074.092436
2022-04-02 20:01:58.165,443.23190778726394,1457183271.948774
2022-04-02 21:02:11.302,442.4747417027671,2002984876.6173398
2022-04-02 22:01:53.312,442.3264731542516,1905315138.7293894
2022-04-02 23:02:16.446,441.0832709393125,1985402011.8046012
2022-04-03 00:01:56.776,436.6346092948738,1719409479.349891
2022-04-03 01:02:43.355,439.87106459162135,1978938401.1675816
2022-04-03 02:01:45.626,435.5435035820625,1786757224.2299538
2022-04-03 03:02:36.809,435.7903405616142,1965157406.1222355
2022-04-03 04:02:13.934,437.0616127904786,1871709259.7048461
2022-04-03 05:02:55.129,440.9044551287372,1952958173.4650743
2022-04-03 06:02:23.654,441.6911129543118,473356627.84331936
2022-04-03 07:02:35.774,443.5959802562721,1945341226.8712842
2022-04-03 08:01:42.602,443.82996869609667,1404850338.5207121
2022-04-03 09:05:14.593,442.9446423828613,1911465924.8675008
2022-04-03 10:00:15.280,444.27182636415665,1640373238.0463595
2022-04-03 11:01:28.943,443.3286580101445,1929340722.3076367
2022-04-03 12:01:21.046,444.55450089987795,1905707809.5679002
2022-04-03 13:01:39.566,446.72648006050065,1810855068.4215736
2022-04-03 14:02:34.482,447.87893340828623,1926345250.5680697
2022-04-03 15:01:19.878,447.98715196722634,1977104752.7775295
2022-04-03 16:02:34.958,447.7901061106695,1872840725.452254
2022-04-03 17:01:57.214,446.7668988806335,1110851697.781113
2022-04-03 18:01:52.249,447.6218953242888,1717505054.9701338
2022-04-03 19:00:23.163,448.96851962410733,1839433298.8673635
2022-04-03 20:01:42.972,446.8763863536922,309249320.08777577
2022-04-03 21:02:03.144,447.42821185398975,1781537602.5005884
2022-04-03 22:00:23.423,449.0930869649493,1732132696.3908281
2022-04-03 23:02:14.800,452.7547765689421,1760358058.8153772
2022-04-04 00:02:58.934,449.7515900792698,1780008988.805701
2022-04-04 01:02:12.580,444.863802456692,1909975119.6013906
2022-04-04 02:01:40.678,445.3533662868106,1519212951.9126158
2022-04-04 03:03:21.031,445.8003562161991,1890351571.7619135
2022-04-04 04:01:15.057,444.35067589767357,1588462898.3082912
2022-04-04 05:02:40.696,446.30202429637893,1841081013.4810293
2022-04-04 06:03:28.082,447.80563333589924,1702656723.8046837
2022-04-04 07:01:55.596,448.44081109727364,1523945254.3009636
2022-04-04 08:04:03.973,447.10645430581746,1878135898.1207807
2022-04-04 09:07:00.646,446.41822066015504,1918616920.2873816
2022-04-04 10:04:52.008,445.80667087111635,1851585695.1036425
2022-04-04 11:01:45.618,443.378678683217,1951084746.406453
2022-04-04 12:02:56.552,447.0417626314796,1208603252.419264
2022-04-04 13:02:14.709,443.215225250537,1968791050.5841923
2022-04-04 14:01:59.994,444.765825004836,1883501674.2934208
2022-04-04 15:02:27.241,443.46973343230354,1738855356.6227984
2022-04-04 16:00:57.821,440.0878122156244,967196996.0819912
2022-04-04 17:01:06.191,440.12019969519565,1508118773.4555573
2022-04-04 18:03:03.327,436.6018668470081,1985439964.4678507
2022-04-04 19:01:31.447,438.8452902840812,1725399070.1291637
2022-04-04 20:04:39.383,443.41018061065915,1983298057.448386
2022-04-04 21:01:53.293,445.7742350109399,1863971962.1247268
2022-04-04 22:03:18.846,446.6503748271085,2034014709.593631
2022-04-04 23:02:30.206,447.76953995683175,1598542370.6051004
2022-04-05 00:01:52.517,447.4021754279126,2040640167.566722
2022-04-05 01:08:09.091,447.5090860225622,1125888265.4118598
2022-04-05 02:03:48.164,450.84072914996415,1968597670.0631952
2022-04-05 03:02:48.751,452.3385735506867,1837701062.1727314
2022-04-05 04:02:00.292,455.62077663846884,1951957004.272102
2022-04-05 05:03:24.992,455.5216965856489,1891837144.8221793
2022-04-05 06:03:22.125,453.89340576971193,2058664433.4282095
2022-04-05 07:04:40.919,452.87299833648405,1628683734.3150833
2022-04-05 08:03:06.319,454.90743133958284,2085306448.6534812
2022-04-05 09:16:13.933,454.96635612222695,1805170838.5080483
2022-04-05 10:01:10.334,454.5960517531444,1831969273.017456
2022-04-05 11:01:52.011,455.99223201421967,1999319107.2161632
2022-04-05 12:01:05.767,457.4245337519652,1966766787.6739187
2022-04-05 13:00:55.662,458.57533797573586,769933288.7409092
2022-04-05 14:02:41.617,454.9864729353067,2059121662.0133648
2022-04-05 15:00:59.856,451.16900525784024,1395037633.3067315
2022-04-05 16:01:52.369,449.5702546883173,2106475092.6073847
2022-04-05 17:04:05.643,449.62555409775666,859885921.250956
2022-04-05 18:01:53.824,451.20422965499336,2132067570.6755204
2022-04-05 19:03:44.255,450.3916818400788,2228604923.2270927
2022-04-05 20:01:44.884,450.2097479367839,1847448053.790274
2022-04-05 21:00:21.337,449.6331882309411,2282141716.249773
2022-04-05 22:03:15.577,449.9081670494506,2169924866.0939336
2022-04-05 23:01:42.470,449.08928268302793,2197459367.969496
2022-04-06 00:02:09.488,445.98290787051997,2106562287.0769641
2022-04-06 01:02:31.614,440.25892148508854,2314487080.297439
2022-04-06 02:03:04.327,441.279171295308,2142445909.389799
2022-04-06 03:02:35.384,441.9634290884527,2341604603.321963
2022-04-06 04:01:14.065,440.83045632467264,2266912136.004036
2022-04-06 05:01:56.534,443.19094168775973,2182856237.5602107
2022-04-06 06:00:34.486,443.547034071964,2282236994.116777
2022-04-06 07:01:13.272,443.56240380582716,1645200701.7712908
2022-04-06 08:06:29.396,441.61043462032796,2057891091.8942475
2022-04-06 09:05:07.641,442.01946122411186,2254890386.640946
2022-04-06 10:02:58.094,440.0205023487809,2238942540.571911
2022-04-06 11:02:53.026,438.27235464394397,2114154731.849555
2022-04-06 12:02:54.298,436.3479550755754,2389794534.000007
2022-04-06 13:03:10.918,435.1988073117025,1132546793.7538633
2022-04-06 14:02:19.895,430.7546636973032,2325177444.5612464
2022-04-06 15:00:10.452,427.5423272001276,2128635581.9845436
2022-04-06 16:02:01.533,426.720042756407,2062293733.8064082
2022-04-06 17:01:08.186,423.0368013156394,1835259705.4275782
2022-04-06 18:03:21.020,424.86468313471164,2265862117.3370066
2022-04-06 19:00:37.790,426.4406259116935,2336659163.738787
2022-04-06 20:00:11.567,427.33596224635136,1862652363.6160676
2022-04-06 21:02:39.595,428.3642437732052,2202515882.381096
2022-04-06 22:03:54.428,427.0438533152071,1217055620.7829297
2022-04-06 23:02:05.388,424.17298580554825,1604672575.8551443
2022-04-07 00:00:46.264,420.5214175354114,2227804262.08252
2022-04-07 01:01:45.448,419.0615814625988,2195779000.0440707
2022-04-07 02:01:58.124,422.85409697377304,2164383078.719575
2022-04-07 03:02:05.706,423.39814202939255,2071992914.4636023
2022-04-07 04:02:35.946,425.16785623347903,2169038460.1623135
2022-04-07 05:02:16.896,427.52300855680306,2008764199.925201
2022-04-07 06:00:31.539,428.81174508844975,2188217222.7714353
2022-04-07 07:01:56.939,431.06576899915973,2081422923.013245
2022-04-07 08:01:12.575,432.3661012314579,2208524059.80455
2022-04-07 09:10:13.517,429.73095843156796,1990789758.7799022
2022-04-07 10:01:02.976,429.19475949368325,2167292069.8145146
2022-04-07 11:02:15.150,430.5345040353634,2163760810.7450075
2022-04-07 12:01:16.905,434.8534631977675,2155741258.386435
2022-04-07 13:04:16.792,433.5584706388411,2129352670.9341576
2022-04-07 14:01:54.445,434.43577351605626,1466179540.9136655
2022-04-07 15:02:19.842,432.40523799526915,1065823608.1954824
2022-04-07 16:01:48.882,430.2219358359921,341989449.5763635
2022-04-07 17:02:10.568,432.09404587050557,1548068690.5323846
2022-04-07 18:02:32.246,434.6289913041385,1771244956.9770274
2022-04-07 19:03:48.427,437.89653493723284,1996021522.6424732
2022-04-07 20:02:44.677,435.5976206494008,1958303220.9898465
2022-04-07 21:01:29.254,437.2796774101491,1831764381.928593
2022-04-07 22:02:36.876,435.9829064808869,1869635238.7524853
2022-04-07 23:00:36.553,436.6787450828234,1929000836.7086802
2022-04-08 00:01:45.258,437.09242241473214,1902419275.6903815
2022-04-08 01:02:12.219,436.3448592294848,1815323137.2397246
2022-04-08 02:02:12.156,439.2930389599813,1419389628.2045681
2022-04-08 03:00:21.152,440.34921656173947,1014587010.2631136
2022-04-08 04:02:59.009,438.74835826337716,1828658975.872124
2022-04-08 05:02:53.513,436.25393706947193,1671146698.4189086
2022-04-08 06:02:18.449,437.0365056535338,1479499404.0167706
2022-04-08 07:01:31.457,434.3008518713789,1729232500.3858752
2022-04-08 08:02:29.794,432.40685604541136,1685813244.3358264
2022-04-08 09:02:42.594,434.32091545625764,1754723187.9932292
2022-04-08 10:00:49.140,431.7227467038401,1763529107.910681
2022-04-08 11:04:13.873,431.7412006645389,1694284686.7302337
2022-04-08 12:01:54.040,428.59214781074866,1137491139.4168596
2022-04-08 13:01:43.299,427.45790903193256,1693883043.0293632
2022-04-08 14:02:35.693,424.67357799380915,1675375366.1056468
2022-04-08 15:00:04.427,433.6542226424611,1791548721.4360251
2022-04-08 16:00:51.992,430.60811675791314,1627925635.2267597
2022-04-08 17:02:19.262,430.0518385851426,1723106832.323767
2022-04-08 18:01:07.308,427.5911523107847,1675678584.8714633
2022-04-08 19:00:50.701,429.2411991136814,1814327261.819463
2022-04-08 20:01:41.228,426.9058114626585,1311381983.4381008
2022-04-08 21:02:38.379,428.3153623180734,1704921917.7124527
2022-04-08 22:04:05.828,426.3372339677592,1733055450.611087
2022-04-08 23:02:50.826,423.7789714168054,1434114786.5900025
2022-04-09 00:01:41.118,421.46865244846873,1895964802.5659816
2022-04-09 01:00:17.911,423.8657212031017,1332016959.3259113
2022-04-09 02:00:43.626,423.25419313108046,1567435749.104071
2022-04-09 03:03:03.621,420.8297064540499,1938797738.0961955
2022-04-09 04:02:36.959,423.66287622520827,1860711411.9283931
2022-04-09 05:00:51.213,424.1101629630308,1751125408.56599
2022-04-09 06:01:49.487,424.80266264592404,1753835420.3268583
2022-04-09 07:01:57.607,423.9004860667329,1249770239.1004457
2022-04-09 08:02:29.883,424.8210805478385,1832367200.529266
2022-04-09 09:02:16.708,425.351820563864,1621893828.3421564
2022-04-09 10:02:18.914,425.9643713784848,1729351386.6655867
2022-04-09 11:03:10.336,426.454964719117,1578677032.346199
2022-04-09 12:02:00.997,426.92602965910515,1510327744.3017833
2022-04-09 13:02:32.500,427.2709535927088,1398033787.9477017
2022-04-09 14:02:25.271,427.29141363516385,1487774135.007027
2022-04-09 15:03:08.486,425.04942156144006,1516248997.9983826
2022-04-09 16:01:45.086,421.90897629202584,1505572272.5612528
2022-04-09 17:02:01.775,423.2940113322092,1536693568.7939517
2022-04-09 18:03:41.280,424.1529728684988,1483026227.822946
2022-04-09 19:00:05.699,422.23901791114866,1326928023.042545
2022-04-09 20:02:43.171,422.64429299935364,1275405023.7294357
2022-04-09 21:02:12.983,421.33402440279934,1331728113.2385755
2022-04-09 22:02:51.434,422.6561571431898,1055749753.7618327
2022-04-09 23:01:35.699,423.6477061600598,1249557930.5000389
2022-04-10 00:03:20.718,426.92155320889725,1312491096.8495579
2022-04-10 01:02:35.016,425.7081515092399,1180215361.2745755
2022-04-10 02:01:35.858,427.1102780055181,1279090877.2877738
2022-04-10 03:02:29.960,427.4770221751398,1208559374.1988566
2022-04-10 04:02:50.976,427.38068743315927,1175771585.2299595
2022-04-10 05:02:16.481,427.4113406104171,1190799957.3430734
2022-04-10 06:01:26.051,426.0676739312881,900201739.1313517
2022-04-10 07:00:11.833,426.7318879965185,1174293403.4312334
2022-04-10 08:01:51.683,426.080699602469,1177989567.811794
2022-04-10 09:02:02.177,424.88927608749736,1141944194.4155867
2022-04-10 10:02:09.313,423.25010838044534,1155469261.226783
2022-04-10 11:01:06.128,422.8730908618729,1201614737.7078328
2022-04-10 12:03:30.741,424.76548507351725,1222503256.5807512
2022-04-10 13:01:59.465,423.6360221116787,1139007231.7461896
2022-04-10 14:03:16.313,421.9645063247048,1170539386.956598
2022-04-10 15:01:55.210,422.97809502360354,1114534850.8292692
2022-04-10 16:01:14.260,423.09809113526074,433114573.22067434
2022-04-10 17:00:31.025,423.77164278092226,976613264.7102375
2022-04-10 18:00:46.567,426.48845965635996,1135080804.111038
2022-04-10 19:00:34.885,426.9133907426484,1044650355.1184682
2022-04-10 20:01:43.142,428.2457239770359,1146648392.2182832
2022-04-10 21:01:24.182,427.78776587828156,1230120177.1892886
2022-04-10 22:01:56.075,425.44814154047566,1188823675.630581
2022-04-10 23:01:42.879,420.8580875166276,1233592138.2741477
2022-04-11 00:02:27.182,419.82285192759065,1230641841.8784754
2022-04-11 01:02:26.594,417.7967308239481,1258442835.0491476
2022-04-11 02:02:22.041,417.1830848726309,1397065640.3102093
2022-04-11 03:02:14.045,412.7043206652667,1546890021.4102144
2022-04-11 04:02:13.256,413.74160798659403,1051505980.3277149
2022-04-11 05:02:27.267,416.10216586003753,1179337181.8479211
2022-04-11 06:02:41.235,416.3558218714335,1318466029.6771724
2022-04-11 07:02:36.769,414.85868117853056,1335931399.0085366
2022-04-11 08:06:10.705,417.7663057617023,1442501552.8036156
2022-04-11 09:02:21.610,416.15066255416025,1447435941.4538426
2022-04-11 10:05:16.321,408.5755749004963,444389385.31200105
2022-04-11 11:06:03.274,407.68489122073413,1756624671.041732
2022-04-11 12:01:45.946,404.0682756357973,1760661353.7384605
2022-04-11 13:00:25.321,405.06729454851813,1752714292.9899614
2022-04-11 14:00:40.184,404.6259740289226,1918590483.520451
2022-04-11 15:02:28.799,401.4183387857397,1950008321.081252
2022-04-11 16:01:34.745,400.25082903092306,1906291100.3909144
2022-04-11 17:02:05.790,400.98102970072875,2048916995.1823537
2022-04-11 18:00:10.568,402.6525363718196,2105017187.9052293
2022-04-11 19:03:13.991,402.8914744357079,1957720065.6867754
2022-04-11 20:02:35.423,398.7403560811625,1783104590.784752
2022-04-11 21:02:33.241,398.82290460647044,1924916229.5412323
2022-04-11 22:01:00.655,393.7610323328507,2046319593.5457692
